Id,fname,lname
1,John,Doe
2,Jane,Doe
3,Michael,Doe
4,Emily,Doe
5,David,Doe
6,Sarah,Doe
7,Robert,Doe
8,Jessica,Doe
9,William,Doe
10,Emma,Doe
11,Daniel,Doe
12,Olivia,Doe
13,James,Doe
14,Sophia,Doe
15,Matthew,Doe
16,Ava,Doe
17,Andrew,Doe
18,Mia,Doe
19,Christopher,Doe
20,Isabella,Doe
21,John,Smith
22,Jane,Smith
23,Michael,Smith
24,Emily,Smith
25,David,Smith
26,Sarah,Smith
27,Robert,Smith
28,Jessica,Smith
29,William,Smith
30,Emma,Smith
31,Daniel,Smith
32,Olivia,Smith
33,James,Smith
34,Sophia,Smith
35,Matthew,Smith
36,Ava,Smith
37,Andrew,Smith
38,Mia,Smith
39,Christopher,Smith
40,Isabella,Smith
41,John,Johnson
42,Jane,Johnson
43,Michael,Johnson
44,Emily,Johnson
45,David,Johnson
46,Sarah,Johnson
47,Robert,Johnson
48,Jessica,Johnson
49,William,Johnson
50,Emma,Johnson
51,Daniel,Johnson
52,Olivia,Johnson
53,James,Johnson
54,Sophia,Johnson
55,Matthew,Johnson
56,Ava,Johnson
57,Andrew,Johnson
58,Mia,Johnson
59,Christopher,Johnson
60,Isabella,Johnson
61,John,Brown
62,Jane,Brown
63,Michael,Brown
64,Emily,Brown
65,David,Brown
66,Sarah,Brown
67,Robert,Brown
68,Jessica,Brown
69,William,Brown
70,Emma,Brown
71,Daniel,Brown
72,Olivia,Brown
73,James,Brown
74,Sophia,Brown
75,Matthew,Brown
76,Ava,Brown
77,Andrew,Brown
78,Mia,Brown
79,Christopher,Brown
80,Isabella,Brown
81,John,Miller
82,Jane,Miller
83,Michael,Miller
84,Emily,Miller
85,David,Miller
86,Sarah,Miller
87,Robert,Miller
88,Jessica,Miller
89,William,Miller
90,Emma,Miller
91,Daniel,Miller
92,Olivia,Miller
93,James,Miller
94,Sophia,Miller
95,Matthew,Miller
96,Ava,Miller
97,Andrew,Miller
98,Mia,Miller
99,Christopher,Miller
100,Isabella,Miller
101,John,Davis
102,Jane,Davis
103,Michael,Davis
104,Emily,Davis
105,David,Davis
106,Sarah,Davis
107,Robert,Davis
108,Jessica,Davis
109,William,Davis
110,Emma,Davis
111,Daniel,Davis
112,Olivia,Davis
113,James,Davis
114,Sophia,Davis
115,Matthew,Davis
116,Ava,Davis
117,Andrew,Davis
118,Mia,Davis
119,Christopher,Davis
120,Isabella,Davis
121,John,Wilson
122,Jane,Wilson
123,Michael,Wilson
124,Emily,Wilson
125,David,Wilson
126,Sarah,Wilson
127,Robert,Wilson
128,Jessica,Wilson
129,William,Wilson
130,Emma,Wilson
131,Daniel,Wilson
132,Olivia,Wilson
133,James,Wilson
134,Sophia,Wilson
135,Matthew,Wilson
136,Ava,Wilson
137,Andrew,Wilson
138,Mia,Wilson
139,Christopher,Wilson
140,Isabella,Wilson
141,John,Moore
142,Jane,Moore
143,Michael,Moore
144,Emily,Moore
145,David,Moore
146,Sarah,Moore
147,Robert,Moore
148,Jessica,Moore
149,William,Moore
150,Emma,Moore
151,Daniel,Moore
152,Olivia,Moore
153,James,Moore
154,Sophia,Moore
155,Matthew,Moore
156,Ava,Moore
157,Andrew,Moore
158,Mia,Moore
159,Christopher,Moore
160,Isabella,Moore
161,John,Taylor
162,Jane,Taylor
163,Michael,Taylor
164,Emily,Taylor
165,David,Taylor
166,Sarah,Taylor
167,Robert,Taylor
168,Jessica,Taylor
169,William,Taylor
170,Emma,Taylor
171,Daniel,Taylor
172,Olivia,Taylor
173,James,Taylor
174,Sophia,Taylor
175,Matthew,Taylor
176,Ava,Taylor
177,Andrew,Taylor
178,Mia,Taylor
179,Christopher,Taylor
180,Isabella,Taylor
181,John,Anderson
182,Jane,Anderson
183,Michael,Anderson
184,Emily,Anderson
185,David,Anderson
186,Sarah,Anderson
187,Robert,Anderson
188,Jessica,Anderson
189,William,Anderson
190,Emma,Anderson
191,Daniel,Anderson
192,Olivia,Anderson
193,James,Anderson
194,Sophia,Anderson
195,Matthew,Anderson
196,Ava,Anderson
197,Andrew,Anderson
198,Mia,Anderson
199,Christopher,Anderson
200,Isabella,Anderson
201,John,Thomas
202,Jane,Thomas
203,Michael,Thomas
204,Emily,Thomas
205,David,Thomas
206,Sarah,Thomas
207,Robert,Thomas
208,Jessica,Thomas
209,William,Thomas
210,Emma,Thomas
211,Daniel,Thomas
212,Olivia,Thomas
213,James,Thomas
214,Sophia,Thomas
215,Matthew,Thomas
216,Ava,Thomas
217,Andrew,Thomas
218,Mia,Thomas
219,Christopher,Thomas
220,Isabella,Thomas
221,John,Jackson
222,Jane,Jackson
223,Michael,Jackson
224,Emily,Jackson
225,David,Jackson
226,Sarah,Jackson
227,Robert,Jackson
228,Jessica,Jackson
229,William,Jackson
230,Emma,Jackson
231,Daniel,Jackson
232,Olivia,Jackson
233,James,Jackson
234,Sophia,Jackson
235,Matthew,Jackson
236,Ava,Jackson
237,Andrew,Jackson
238,Mia,Jackson
239,Christopher,Jackson
240,Isabella,Jackson
241,John,White
242,Jane,White
243,Michael,White
244,Emily,White
245,David,White
246,Sarah,White
247,Robert,White
248,Jessica,White
249,William,White
250,Emma,White
251,Daniel,White
252,Olivia,White
253,James,White
254,Sophia,White
255,Matthew,White
256,Ava,White
257,Andrew,White
258,Mia,White
259,Christopher,White
260,Isabella,White
261,John,Harris
262,Jane,Harris
263,Michael,Harris
264,Emily,Harris
265,David,Harris
266,Sarah,Harris
267,Robert,Harris
268,Jessica,Harris
269,William,Harris
270,Emma,Harris
271,Daniel,Harris
272,Olivia,Harris
273,James,Harris
274,Sophia,Harris
275,Matthew,Harris
276,Ava,Harris
277,Andrew,Harris
278,Mia,Harris
279,Christopher,Harris
280,Isabella,Harris
281,John,Martin
282,Jane,Martin
283,Michael,Martin
284,Emily,Martin
285,David,Martin
286,Sarah,Martin
287,Robert,Martin
288,Jessica,Martin
289,William,Martin
290,Emma,Martin
291,Daniel,Martin
292,Olivia,Martin
293,James,Martin
294,Sophia,Martin
295,Matthew,Martin
296,Ava,Martin
297,Andrew,Martin
298,Mia,Martin
299,Christopher,Martin
300,Isabella,Martin
301,John,Thompson
302,Jane,Thompson
303,Michael,Thompson
304,Emily,Thompson
305,David,Thompson
306,Sarah,Thompson
307,Robert,Thompson
308,Jessica,Thompson
309,William,Thompson
310,Emma,Thompson
311,Daniel,Thompson
312,Olivia,Thompson
313,James,Thompson
314,Sophia,Thompson
315,Matthew,Thompson
316,Ava,Thompson
317,Andrew,Thompson
318,Mia,Thompson
319,Christopher,Thompson
320,Isabella,Thompson
321,John,Garcia
322,Jane,Garcia
323,Michael,Garcia
324,Emily,Garcia
325,David,Garcia
326,Sarah,Garcia
327,Robert,Garcia
328,Jessica,Garcia
329,William,Garcia
330,Emma,Garcia
331,Daniel,Garcia
332,Olivia,Garcia
333,James,Garcia
334,Sophia,Garcia
335,Matthew,Garcia
336,Ava,Garcia
337,Andrew,Garcia
338,Mia,Garcia
339,Christopher,Garcia
340,Isabella,Garcia
341,John,Martinez
342,Jane,Martinez
343,Michael,Martinez
344,Emily,Martinez
345,David,Martinez
346,Sarah,Martinez
347,Robert,Martinez
348,Jessica,Martinez
349,William,Martinez
350,Emma,Martinez
351,Daniel,Martinez
352,Olivia,Martinez
353,James,Martinez
354,Sophia,Martinez
355,Matthew,Martinez
356,Ava,Martinez
357,Andrew,Martinez
358,Mia,Martinez
359,Christopher,Martinez
360,Isabella,Martinez
361,John,Robinson
362,Jane,Robinson
363,Michael,Robinson
364,Emily,Robinson
365,David,Robinson
366,Sarah,Robinson
367,Robert,Robinson
368,Jessica,Robinson
369,William,Robinson
370,Emma,Robinson
371,Daniel,Robinson
372,Olivia,Robinson
373,James,Robinson
374,Sophia,Robinson
375,Matthew,Robinson
376,Ava,Robinson
377,Andrew,Robinson
378,Mia,Robinson
379,Christopher,Robinson
380,Isabella,Robinson
381,John,Clark
382,Jane,Clark
383,Michael,Clark
384,Emily,Clark
385,David,Clark
386,Sarah,Clark
387,Robert,Clark
388,Jessica,Clark
389,William,Clark
390,Emma,Clark
391,Daniel,Clark
392,Olivia,Clark
393,James,Clark
394,Sophia,Clark
395,Matthew,Clark
396,Ava,Clark
397,Andrew,Clark
398,Mia,Clark
399,Christopher,Clark
400,Isabella,Clark
401,John,Doe
402,Jane,Doe
403,Michael,Doe
404,Emily,Doe
405,David,Doe
406,Sarah,Doe
407,Robert,Doe
408,Jessica,Doe
409,William,Doe
410,Emma,Doe
411,Daniel,Doe
412,Olivia,Doe
413,James,Doe
414,Sophia,Doe
415,Matthew,Doe
416,Ava,Doe
417,Andrew,Doe
418,Mia,Doe
419,Christopher,Doe
420,Isabella,Doe
421,John,Smith
422,Jane,Smith
423,Michael,Smith
424,Emily,Smith
425,David,Smith
426,Sarah,Smith
427,Robert,Smith
428,Jessica,Smith
429,William,Smith
430,Emma,Smith
431,Daniel,Smith
432,Olivia,Smith
433,James,Smith
434,Sophia,Smith
435,Matthew,Smith
436,Ava,Smith
437,Andrew,Smith
438,Mia,Smith
439,Christopher,Smith
440,Isabella,Smith
441,John,Johnson
442,Jane,Johnson
443,Michael,Johnson
444,Emily,Johnson
445,David,Johnson
446,Sarah,Johnson
447,Robert,Johnson
448,Jessica,Johnson
449,William,Johnson
450,Emma,Johnson
451,Daniel,Johnson
452,Olivia,Johnson
453,James,Johnson
454,Sophia,Johnson
455,Matthew,Johnson
456,Ava,Johnson
457,Andrew,Johnson
458,Mia,Johnson
459,Christopher,Johnson
460,Isabella,Johnson
461,John,Brown
462,Jane,Brown
463,Michael,Brown
464,Emily,Brown
465,David,Brown
466,Sarah,Brown
467,Robert,Brown
468,Jessica,Brown
469,William,Brown
470,Emma,Brown
471,Daniel,Brown
472,Olivia,Brown
473,James,Brown
474,Sophia,Brown
475,Matthew,Brown
476,Ava,Brown
477,Andrew,Brown
478,Mia,Brown
479,Christopher,Brown
480,Isabella,Brown
481,John,Miller
482,Jane,Miller
483,Michael,Miller
484,Emily,Miller
485,David,Miller
486,Sarah,Miller
487,Robert,Miller
488,Jessica,Miller
489,William,Miller
490,Emma,Miller
491,Daniel,Miller
492,Olivia,Miller
493,James,Miller
494,Sophia,Miller
495,Matthew,Miller
496,Ava,Miller
497,Andrew,Miller
498,Mia,Miller
499,Christopher,Miller
500,Isabella,Miller
501,John,Davis
502,Jane,Davis
503,Michael,Davis
504,Emily,Davis
505,David,Davis
506,Sarah,Davis
507,Robert,Davis
508,Jessica,Davis
509,William,Davis
510,Emma,Davis
511,Daniel,Davis
512,Olivia,Davis
513,James,Davis
514,Sophia,Davis
515,Matthew,Davis
516,Ava,Davis
517,Andrew,Davis
518,Mia,Davis
519,Christopher,Davis
520,Isabella,Davis
521,John,Wilson
522,Jane,Wilson
523,Michael,Wilson
524,Emily,Wilson
525,David,Wilson
526,Sarah,Wilson
527,Robert,Wilson
528,Jessica,Wilson
529,William,Wilson
530,Emma,Wilson
531,Daniel,Wilson
532,Olivia,Wilson
533,James,Wilson
534,Sophia,Wilson
535,Matthew,Wilson
536,Ava,Wilson
537,Andrew,Wilson
538,Mia,Wilson
539,Christopher,Wilson
540,Isabella,Wilson
541,John,Moore
542,Jane,Moore
543,Michael,Moore
544,Emily,Moore
545,David,Moore
546,Sarah,Moore
547,Robert,Moore
548,Jessica,Moore
549,William,Moore
550,Emma,Moore
551,Daniel,Moore
552,Olivia,Moore
553,James,Moore
554,Sophia,Moore
555,Matthew,Moore
556,Ava,Moore
557,Andrew,Moore
558,Mia,Moore
559,Christopher,Moore
560,Isabella,Moore
561,John,Taylor
562,Jane,Taylor
563,Michael,Taylor
564,Emily,Taylor
565,David,Taylor
566,Sarah,Taylor
567,Robert,Taylor
568,Jessica,Taylor
569,William,Taylor
570,Emma,Taylor
571,Daniel,Taylor
572,Olivia,Taylor
573,James,Taylor
574,Sophia,Taylor
575,Matthew,Taylor
576,Ava,Taylor
577,Andrew,Taylor
578,Mia,Taylor
579,Christopher,Taylor
580,Isabella,Taylor
581,John,Anderson
582,Jane,Anderson
583,Michael,Anderson
584,Emily,Anderson
585,David,Anderson
586,Sarah,Anderson
587,Robert,Anderson
588,Jessica,Anderson
589,William,Anderson
590,Emma,Anderson
591,Daniel,Anderson
592,Olivia,Anderson
593,James,Anderson
594,Sophia,Anderson
595,Matthew,Anderson
596,Ava,Anderson
597,Andrew,Anderson
598,Mia,Anderson
599,Christopher,Anderson
600,Isabella,Anderson
601,John,Thomas
602,Jane,Thomas
603,Michael,Thomas
604,Emily,Thomas
605,David,Thomas
606,Sarah,Thomas
607,Robert,Thomas
608,Jessica,Thomas
609,William,Thomas
610,Emma,Thomas
611,Daniel,Thomas
612,Olivia,Thomas
613,James,Thomas
614,Sophia,Thomas
615,Matthew,Thomas
616,Ava,Thomas
617,Andrew,Thomas
618,Mia,Thomas
619,Christopher,Thomas
620,Isabella,Thomas
621,John,Jackson
622,Jane,Jackson
623,Michael,Jackson
624,Emily,Jackson
625,David,Jackson
626,Sarah,Jackson
627,Robert,Jackson
628,Jessica,Jackson
629,William,Jackson
630,Emma,Jackson
631,Daniel,Jackson
632,Olivia,Jackson
633,James,Jackson
634,Sophia,Jackson
635,Matthew,Jackson
636,Ava,Jackson
637,Andrew,Jackson
638,Mia,Jackson
639,Christopher,Jackson
640,Isabella,Jackson
641,John,White
642,Jane,White
643,Michael,White
644,Emily,White
645,David,White
646,Sarah,White
647,Robert,White
648,Jessica,White
649,William,White
650,Emma,White
651,Daniel,White
652,Olivia,White
653,James,White
654,Sophia,White
655,Matthew,White
656,Ava,White
657,Andrew,White
658,Mia,White
659,Christopher,White
660,Isabella,White
661,John,Harris
662,Jane,Harris
663,Michael,Harris
664,Emily,Harris
665,David,Harris
666,Sarah,Harris
667,Robert,Harris
668,Jessica,Harris
669,William,Harris
670,Emma,Harris
671,Daniel,Harris
672,Olivia,Harris
673,James,Harris
674,Sophia,Harris
675,Matthew,Harris
676,Ava,Harris
677,Andrew,Harris
678,Mia,Harris
679,Christopher,Harris
680,Isabella,Harris
681,John,Martin
682,Jane,Martin
683,Michael,Martin
684,Emily,Martin
685,David,Martin
686,Sarah,Martin
687,Robert,Martin
688,Jessica,Martin
689,William,Martin
690,Emma,Martin
691,Daniel,Martin
692,Olivia,Martin
693,James,Martin
694,Sophia,Martin
695,Matthew,Martin
696,Ava,Martin
697,Andrew,Martin
698,Mia,Martin
699,Christopher,Martin
700,Isabella,Martin
701,John,Thompson
702,Jane,Thompson
703,Michael,Thompson
704,Emily,Thompson
705,David,Thompson
706,Sarah,Thompson
707,Robert,Thompson
708,Jessica,Thompson
709,William,Thompson
710,Emma,Thompson
711,Daniel,Thompson
712,Olivia,Thompson
713,James,Thompson
714,Sophia,Thompson
715,Matthew,Thompson
716,Ava,Thompson
717,Andrew,Thompson
718,Mia,Thompson
719,Christopher,Thompson
720,Isabella,Thompson
721,John,Garcia
722,Jane,Garcia
723,Michael,Garcia
724,Emily,Garcia
725,David,Garcia
726,Sarah,Garcia
727,Robert,Garcia
728,Jessica,Garcia
729,William,Garcia
730,Emma,Garcia
731,Daniel,Garcia
732,Olivia,Garcia
733,James,Garcia
734,Sophia,Garcia
735,Matthew,Garcia
736,Ava,Garcia
737,Andrew,Garcia
738,Mia,Garcia
739,Christopher,Garcia
740,Isabella,Garcia
741,John,Martinez
742,Jane,Martinez
743,Michael,Martinez
744,Emily,Martinez
745,David,Martinez
746,Sarah,Martinez
747,Robert,Martinez
748,Jessica,Martinez
749,William,Martinez
750,Emma,Martinez
751,Daniel,Martinez
752,Olivia,Martinez
753,James,Martinez
754,Sophia,Martinez
755,Matthew,Martinez
756,Ava,Martinez
757,Andrew,Martinez
758,Mia,Martinez
759,Christopher,Martinez
760,Isabella,Martinez
761,John,Robinson
762,Jane,Robinson
763,Michael,Robinson
764,Emily,Robinson
765,David,Robinson
766,Sarah,Robinson
767,Robert,Robinson
768,Jessica,Robinson
769,William,Robinson
770,Emma,Robinson
771,Daniel,Robinson
772,Olivia,Robinson
773,James,Robinson
774,Sophia,Robinson
775,Matthew,Robinson
776,Ava,Robinson
777,Andrew,Robinson
778,Mia,Robinson
779,Christopher,Robinson
780,Isabella,Robinson
781,John,Clark
782,Jane,Clark
783,Michael,Clark
784,Emily,Clark
785,David,Clark
786,Sarah,Clark
787,Robert,Clark
788,Jessica,Clark
789,William,Clark
790,Emma,Clark
791,Daniel,Clark
792,Olivia,Clark
793,James,Clark
794,Sophia,Clark
795,Matthew,Clark
796,Ava,Clark
797,Andrew,Clark
798,Mia,Clark
799,Christopher,Clark
800,Isabella,Clark
801,John,Doe
802,Jane,Doe
803,Michael,Doe
804,Emily,Doe
805,David,Doe
806,Sarah,Doe
807,Robert,Doe
808,Jessica,Doe
809,William,Doe
810,Emma,Doe
811,Daniel,Doe
812,Olivia,Doe
813,James,Doe
814,Sophia,Doe
815,Matthew,Doe
816,Ava,Doe
817,Andrew,Doe
818,Mia,Doe
819,Christopher,Doe
820,Isabella,Doe
821,John,Smith
822,Jane,Smith
823,Michael,Smith
824,Emily,Smith
825,David,Smith
826,Sarah,Smith
827,Robert,Smith
828,Jessica,Smith
829,William,Smith
830,Emma,Smith
831,Daniel,Smith
832,Olivia,Smith
833,James,Smith
834,Sophia,Smith
835,Matthew,Smith
836,Ava,Smith
837,Andrew,Smith
838,Mia,Smith
839,Christopher,Smith
840,Isabella,Smith
841,John,Johnson
842,Jane,Johnson
843,Michael,Johnson
844,Emily,Johnson
845,David,Johnson
846,Sarah,Johnson
847,Robert,Johnson
848,Jessica,Johnson
849,William,Johnson
850,Emma,Johnson
851,Daniel,Johnson
852,Olivia,Johnson
853,James,Johnson
854,Sophia,Johnson
855,Matthew,Johnson
856,Ava,Johnson
857,Andrew,Johnson
858,Mia,Johnson
859,Christopher,Johnson
860,Isabella,Johnson
861,John,Brown
862,Jane,Brown
863,Michael,Brown
864,Emily,Brown
865,David,Brown
866,Sarah,Brown
867,Robert,Brown
868,Jessica,Brown
869,William,Brown
870,Emma,Brown
871,Daniel,Brown
872,Olivia,Brown
873,James,Brown
874,Sophia,Brown
875,Matthew,Brown
876,Ava,Brown
877,Andrew,Brown
878,Mia,Brown
879,Christopher,Brown
880,Isabella,Brown
881,John,Miller
882,Jane,Miller
883,Michael,Miller
884,Emily,Miller
885,David,Miller
886,Sarah,Miller
887,Robert,Miller
888,Jessica,Miller
889,William,Miller
890,Emma,Miller
891,Daniel,Miller
892,Olivia,Miller
893,James,Miller
894,Sophia,Miller
895,Matthew,Miller
896,Ava,Miller
897,Andrew,Miller
898,Mia,Miller
899,Christopher,Miller
900,Isabella,Miller
901,John,Davis
902,Jane,Davis
903,Michael,Davis
904,Emily,Davis
905,David,Davis
906,Sarah,Davis
907,Robert,Davis
908,Jessica,Davis
909,William,Davis
910,Emma,Davis
911,Daniel,Davis
912,Olivia,Davis
913,James,Davis
914,Sophia,Davis
915,Matthew,Davis
916,Ava,Davis
917,Andrew,Davis
918,Mia,Davis
919,Christopher,Davis
920,Isabella,Davis
921,John,Wilson
922,Jane,Wilson
923,Michael,Wilson
924,Emily,Wilson
925,David,Wilson
926,Sarah,Wilson
927,Robert,Wilson
928,Jessica,Wilson
929,William,Wilson
930,Emma,Wilson
931,Daniel,Wilson
932,Olivia,Wilson
933,James,Wilson
934,Sophia,Wilson
935,Matthew,Wilson
936,Ava,Wilson
937,Andrew,Wilson
938,Mia,Wilson
939,Christopher,Wilson
940,Isabella,Wilson
941,John,Moore
942,Jane,Moore
943,Michael,Moore
944,Emily,Moore
945,David,Moore
946,Sarah,Moore
947,Robert,Moore
948,Jessica,Moore
949,William,Moore
950,Emma,Moore
951,Daniel,Moore
952,Olivia,Moore
953,James,Moore
954,Sophia,Moore
955,Matthew,Moore
956,Ava,Moore
957,Andrew,Moore
958,Mia,Moore
959,Christopher,Moore
960,Isabella,Moore
961,John,Taylor
962,Jane,Taylor
963,Michael,Taylor
964,Emily,Taylor
965,David,Taylor
966,Sarah,Taylor
967,Robert,Taylor
968,Jessica,Taylor
969,William,Taylor
970,Emma,Taylor
971,Daniel,Taylor
972,Olivia,Taylor
973,James,Taylor
974,Sophia,Taylor
975,Matthew,Taylor
976,Ava,Taylor
977,Andrew,Taylor
978,Mia,Taylor
979,Christopher,Taylor
980,Isabella,Taylor
981,John,Anderson
982,Jane,Anderson
983,Michael,Anderson
984,Emily,Anderson
985,David,Anderson
986,Sarah,Anderson
987,Robert,Anderson
988,Jessica,Anderson
989,William,Anderson
990,Emma,Anderson
991,Daniel,Anderson
992,Olivia,Anderson
993,James,Anderson
994,Sophia,Anderson
995,Matthew,Anderson
996,Ava,Anderson
997,Andrew,Anderson
998,Mia,Anderson
999,Christopher,Anderson
1000,Isabella,Anderson
1001,John,Thomas
1002,Jane,Thomas
1003,Michael,Thomas
1004,Emily,Thomas
1005,David,Thomas
1006,Sarah,Thomas
1007,Robert,Thomas
1008,Jessica,Thomas
1009,William,Thomas
1010,Emma,Thomas
1011,Daniel,Thomas
1012,Olivia,Thomas
1013,James,Thomas
1014,Sophia,Thomas
1015,Matthew,Thomas
1016,Ava,Thomas
1017,Andrew,Thomas
1018,Mia,Thomas
1019,Christopher,Thomas
1020,Isabella,Thomas
1021,John,Jackson
1022,Jane,Jackson
1023,Michael,Jackson
1024,Emily,Jackson
1025,David,Jackson
1026,Sarah,Jackson
1027,Robert,Jackson
1028,Jessica,Jackson
1029,William,Jackson
1030,Emma,Jackson
1031,Daniel,Jackson
1032,Olivia,Jackson
1033,James,Jackson
1034,Sophia,Jackson
1035,Matthew,Jackson
1036,Ava,Jackson
1037,Andrew,Jackson
1038,Mia,Jackson
1039,Christopher,Jackson
1040,Isabella,Jackson
1041,John,White
1042,Jane,White
1043,Michael,White
1044,Emily,White
1045,David,White
1046,Sarah,White
1047,Robert,White
1048,Jessica,White
1049,William,White
1050,Emma,White
1051,Daniel,White
1052,Olivia,White
1053,James,White
1054,Sophia,White
1055,Matthew,White
1056,Ava,White
1057,Andrew,White
1058,Mia,White
1059,Christopher,White
1060,Isabella,White
1061,John,Harris
1062,Jane,Harris
1063,Michael,Harris
1064,Emily,Harris
1065,David,Harris
1066,Sarah,Harris
1067,Robert,Harris
1068,Jessica,Harris
1069,William,Harris
1070,Emma,Harris
1071,Daniel,Harris
1072,Olivia,Harris
1073,James,Harris
1074,Sophia,Harris
1075,Matthew,Harris
1076,Ava,Harris
1077,Andrew,Harris
1078,Mia,Harris
1079,Christopher,Harris
1080,Isabella,Harris
1081,John,Martin
1082,Jane,Martin
1083,Michael,Martin
1084,Emily,Martin
1085,David,Martin
1086,Sarah,Martin
1087,Robert,Martin
1088,Jessica,Martin
1089,William,Martin
1090,Emma,Martin
1091,Daniel,Martin
1092,Olivia,Martin
1093,James,Martin
1094,Sophia,Martin
1095,Matthew,Martin
1096,Ava,Martin
1097,Andrew,Martin
1098,Mia,Martin
1099,Christopher,Martin
1100,Isabella,Martin
1101,John,Thompson
1102,Jane,Thompson
1103,Michael,Thompson
1104,Emily,Thompson
1105,David,Thompson
1106,Sarah,Thompson
1107,Robert,Thompson
1108,Jessica,Thompson
1109,William,Thompson
1110,Emma,Thompson
1111,Daniel,Thompson
1112,Olivia,Thompson
1113,James,Thompson
1114,Sophia,Thompson
1115,Matthew,Thompson
1116,Ava,Thompson
1117,Andrew,Thompson
1118,Mia,Thompson
1119,Christopher,Thompson
1120,Isabella,Thompson
1121,John,Garcia
1122,Jane,Garcia
1123,Michael,Garcia
1124,Emily,Garcia
1125,David,Garcia
1126,Sarah,Garcia
1127,Robert,Garcia
1128,Jessica,Garcia
1129,William,Garcia
1130,Emma,Garcia
1131,Daniel,Garcia
1132,Olivia,Garcia
1133,James,Garcia
1134,Sophia,Garcia
1135,Matthew,Garcia
1136,Ava,Garcia
1137,Andrew,Garcia
1138,Mia,Garcia
1139,Christopher,Garcia
1140,Isabella,Garcia
1141,John,Martinez
1142,Jane,Martinez
1143,Michael,Martinez
1144,Emily,Martinez
1145,David,Martinez
1146,Sarah,Martinez
1147,Robert,Martinez
1148,Jessica,Martinez
1149,William,Martinez
1150,Emma,Martinez
1151,Daniel,Martinez
1152,Olivia,Martinez
1153,James,Martinez
1154,Sophia,Martinez
1155,Matthew,Martinez
1156,Ava,Martinez
1157,Andrew,Martinez
1158,Mia,Martinez
1159,Christopher,Martinez
1160,Isabella,Martinez
1161,John,Robinson
1162,Jane,Robinson
1163,Michael,Robinson
1164,Emily,Robinson
1165,David,Robinson
1166,Sarah,Robinson
1167,Robert,Robinson
1168,Jessica,Robinson
1169,William,Robinson
1170,Emma,Robinson
1171,Daniel,Robinson
1172,Olivia,Robinson
1173,James,Robinson
1174,Sophia,Robinson
1175,Matthew,Robinson
1176,Ava,Robinson
1177,Andrew,Robinson
1178,Mia,Robinson
1179,Christopher,Robinson
1180,Isabella,Robinson
1181,John,Clark
1182,Jane,Clark
1183,Michael,Clark
1184,Emily,Clark
1185,David,Clark
1186,Sarah,Clark
1187,Robert,Clark
1188,Jessica,Clark
1189,William,Clark
1190,Emma,Clark
1191,Daniel,Clark
1192,Olivia,Clark
1193,James,Clark
1194,Sophia,Clark
1195,Matthew,Clark
1196,Ava,Clark
1197,Andrew,Clark
1198,Mia,Clark
1199,Christopher,Clark
1200,Isabella,Clark
1201,John,Doe
1202,Jane,Doe
1203,Michael,Doe
1204,Emily,Doe
1205,David,Doe
1206,Sarah,Doe
1207,Robert,Doe
1208,Jessica,Doe
1209,William,Doe
1210,Emma,Doe
1211,Daniel,Doe
1212,Olivia,Doe
1213,James,Doe
1214,Sophia,Doe
1215,Matthew,Doe
1216,Ava,Doe
1217,Andrew,Doe
1218,Mia,Doe
1219,Christopher,Doe
1220,Isabella,Doe
1221,John,Smith
1222,Jane,Smith
1223,Michael,Smith
1224,Emily,Smith
1225,David,Smith
1226,Sarah,Smith
1227,Robert,Smith
1228,Jessica,Smith
1229,William,Smith
1230,Emma,Smith
1231,Daniel,Smith
1232,Olivia,Smith
1233,James,Smith
1234,Sophia,Smith
1235,Matthew,Smith
1236,Ava,Smith
1237,Andrew,Smith
1238,Mia,Smith
1239,Christopher,Smith
1240,Isabella,Smith
1241,John,Johnson
1242,Jane,Johnson
1243,Michael,Johnson
1244,Emily,Johnson
1245,David,Johnson
1246,Sarah,Johnson
1247,Robert,Johnson
1248,Jessica,Johnson
1249,William,Johnson
1250,Emma,Johnson
1251,Daniel,Johnson
1252,Olivia,Johnson
1253,James,Johnson
1254,Sophia,Johnson
1255,Matthew,Johnson
1256,Ava,Johnson
1257,Andrew,Johnson
1258,Mia,Johnson
1259,Christopher,Johnson
1260,Isabella,Johnson
1261,John,Brown
1262,Jane,Brown
1263,Michael,Brown
1264,Emily,Brown
1265,David,Brown
1266,Sarah,Brown
1267,Robert,Brown
1268,Jessica,Brown
1269,William,Brown
1270,Emma,Brown
1271,Daniel,Brown
1272,Olivia,Brown
1273,James,Brown
1274,Sophia,Brown
1275,Matthew,Brown
1276,Ava,Brown
1277,Andrew,Brown
1278,Mia,Brown
1279,Christopher,Brown
1280,Isabella,Brown
1281,John,Miller
1282,Jane,Miller
1283,Michael,Miller
1284,Emily,Miller
1285,David,Miller
1286,Sarah,Miller
1287,Robert,Miller
1288,Jessica,Miller
1289,William,Miller
1290,Emma,Miller
1291,Daniel,Miller
1292,Olivia,Miller
1293,James,Miller
1294,Sophia,Miller
1295,Matthew,Miller
1296,Ava,Miller
1297,Andrew,Miller
1298,Mia,Miller
1299,Christopher,Miller
1300,Isabella,Miller
1301,John,Davis
1302,Jane,Davis
1303,Michael,Davis
1304,Emily,Davis
1305,David,Davis
1306,Sarah,Davis
1307,Robert,Davis
1308,Jessica,Davis
1309,William,Davis
1310,Emma,Davis
1311,Daniel,Davis
1312,Olivia,Davis
1313,James,Davis
1314,Sophia,Davis
1315,Matthew,Davis
1316,Ava,Davis
1317,Andrew,Davis
1318,Mia,Davis
1319,Christopher,Davis
1320,Isabella,Davis
1321,John,Wilson
1322,Jane,Wilson
1323,Michael,Wilson
1324,Emily,Wilson
1325,David,Wilson
1326,Sarah,Wilson
1327,Robert,Wilson
1328,Jessica,Wilson
1329,William,Wilson
1330,Emma,Wilson
1331,Daniel,Wilson
1332,Olivia,Wilson
1333,James,Wilson
1334,Sophia,Wilson
1335,Matthew,Wilson
1336,Ava,Wilson
1337,Andrew,Wilson
1338,Mia,Wilson
1339,Christopher,Wilson
1340,Isabella,Wilson
1341,John,Moore
1342,Jane,Moore
1343,Michael,Moore
1344,Emily,Moore
1345,David,Moore
1346,Sarah,Moore
1347,Robert,Moore
1348,Jessica,Moore
1349,William,Moore
1350,Emma,Moore
1351,Daniel,Moore
1352,Olivia,Moore
1353,James,Moore
1354,Sophia,Moore
1355,Matthew,Moore
1356,Ava,Moore
1357,Andrew,Moore
1358,Mia,Moore
1359,Christopher,Moore
1360,Isabella,Moore
1361,John,Taylor
1362,Jane,Taylor
1363,Michael,Taylor
1364,Emily,Taylor
1365,David,Taylor
1366,Sarah,Taylor
1367,Robert,Taylor
1368,Jessica,Taylor
1369,William,Taylor
1370,Emma,Taylor
1371,Daniel,Taylor
1372,Olivia,Taylor
1373,James,Taylor
1374,Sophia,Taylor
1375,Matthew,Taylor
1376,Ava,Taylor
1377,Andrew,Taylor
1378,Mia,Taylor
1379,Christopher,Taylor
1380,Isabella,Taylor
1381,John,Anderson
1382,Jane,Anderson
1383,Michael,Anderson
1384,Emily,Anderson
1385,David,Anderson
1386,Sarah,Anderson
1387,Robert,Anderson
1388,Jessica,Anderson
1389,William,Anderson
1390,Emma,Anderson
1391,Daniel,Anderson
1392,Olivia,Anderson
1393,James,Anderson
1394,Sophia,Anderson
1395,Matthew,Anderson
1396,Ava,Anderson
1397,Andrew,Anderson
1398,Mia,Anderson
1399,Christopher,Anderson
1400,Isabella,Anderson
1401,John,Thomas
1402,Jane,Thomas
1403,Michael,Thomas
1404,Emily,Thomas
1405,David,Thomas
1406,Sarah,Thomas
1407,Robert,Thomas
1408,Jessica,Thomas
1409,William,Thomas
1410,Emma,Thomas
1411,Daniel,Thomas
1412,Olivia,Thomas
1413,James,Thomas
1414,Sophia,Thomas
1415,Matthew,Thomas
1416,Ava,Thomas
1417,Andrew,Thomas
1418,Mia,Thomas
1419,Christopher,Thomas
1420,Isabella,Thomas
1421,John,Jackson
1422,Jane,Jackson
1423,Michael,Jackson
1424,Emily,Jackson
1425,David,Jackson
1426,Sarah,Jackson
1427,Robert,Jackson
1428,Jessica,Jackson
1429,William,Jackson
1430,Emma,Jackson
1431,Daniel,Jackson
1432,Olivia,Jackson
1433,James,Jackson
1434,Sophia,Jackson
1435,Matthew,Jackson
1436,Ava,Jackson
1437,Andrew,Jackson
1438,Mia,Jackson
1439,Christopher,Jackson
1440,Isabella,Jackson
1441,John,White
1442,Jane,White
1443,Michael,White
1444,Emily,White
1445,David,White
1446,Sarah,White
1447,Robert,White
1448,Jessica,White
1449,William,White
1450,Emma,White
1451,Daniel,White
1452,Olivia,White
1453,James,White
1454,Sophia,White
1455,Matthew,White
1456,Ava,White
1457,Andrew,White
1458,Mia,White
1459,Christopher,White
1460,Isabella,White
1461,John,Harris
1462,Jane,Harris
1463,Michael,Harris
1464,Emily,Harris
1465,David,Harris
1466,Sarah,Harris
1467,Robert,Harris
1468,Jessica,Harris
1469,William,Harris
1470,Emma,Harris
1471,Daniel,Harris
1472,Olivia,Harris
1473,James,Harris
1474,Sophia,Harris
1475,Matthew,Harris
1476,Ava,Harris
1477,Andrew,Harris
1478,Mia,Harris
1479,Christopher,Harris
1480,Isabella,Harris
1481,John,Martin
1482,Jane,Martin
1483,Michael,Martin
1484,Emily,Martin
1485,David,Martin
1486,Sarah,Martin
1487,Robert,Martin
1488,Jessica,Martin
1489,William,Martin
1490,Emma,Martin
1491,Daniel,Martin
1492,Olivia,Martin
1493,James,Martin
1494,Sophia,Martin
1495,Matthew,Martin
1496,Ava,Martin
1497,Andrew,Martin
1498,Mia,Martin
1499,Christopher,Martin
1500,Isabella,Martin
1501,John,Thompson
1502,Jane,Thompson
1503,Michael,Thompson
1504,Emily,Thompson
1505,David,Thompson
1506,Sarah,Thompson
1507,Robert,Thompson
1508,Jessica,Thompson
1509,William,Thompson
1510,Emma,Thompson
1511,Daniel,Thompson
1512,Olivia,Thompson
1513,James,Thompson
1514,Sophia,Thompson
1515,Matthew,Thompson
1516,Ava,Thompson
1517,Andrew,Thompson
1518,Mia,Thompson
1519,Christopher,Thompson
1520,Isabella,Thompson
1521,John,Garcia
1522,Jane,Garcia
1523,Michael,Garcia
1524,Emily,Garcia
1525,David,Garcia
1526,Sarah,Garcia
1527,Robert,Garcia
1528,Jessica,Garcia
1529,William,Garcia
1530,Emma,Garcia
1531,Daniel,Garcia
1532,Olivia,Garcia
1533,James,Garcia
1534,Sophia,Garcia
1535,Matthew,Garcia
1536,Ava,Garcia
1537,Andrew,Garcia
1538,Mia,Garcia
1539,Christopher,Garcia
1540,Isabella,Garcia
1541,John,Martinez
1542,Jane,Martinez
1543,Michael,Martinez
1544,Emily,Martinez
1545,David,Martinez
1546,Sarah,Martinez
1547,Robert,Martinez
1548,Jessica,Martinez
1549,William,Martinez
1550,Emma,Martinez
1551,Daniel,Martinez
1552,Olivia,Martinez
1553,James,Martinez
1554,Sophia,Martinez
1555,Matthew,Martinez
1556,Ava,Martinez
1557,Andrew,Martinez
1558,Mia,Martinez
1559,Christopher,Martinez
1560,Isabella,Martinez
1561,John,Robinson
1562,Jane,Robinson
1563,Michael,Robinson
1564,Emily,Robinson
1565,David,Robinson
1566,Sarah,Robinson
1567,Robert,Robinson
1568,Jessica,Robinson
1569,William,Robinson
1570,Emma,Robinson
1571,Daniel,Robinson
1572,Olivia,Robinson
1573,James,Robinson
1574,Sophia,Robinson
1575,Matthew,Robinson
1576,Ava,Robinson
1577,Andrew,Robinson
1578,Mia,Robinson
1579,Christopher,Robinson
1580,Isabella,Robinson
1581,John,Clark
1582,Jane,Clark
1583,Michael,Clark
1584,Emily,Clark
1585,David,Clark
1586,Sarah,Clark
1587,Robert,Clark
1588,Jessica,Clark
1589,William,Clark
1590,Emma,Clark
1591,Daniel,Clark
1592,Olivia,Clark
1593,James,Clark
1594,Sophia,Clark
1595,Matthew,Clark
1596,Ava,Clark
1597,Andrew,Clark
1598,Mia,Clark
1599,Christopher,Clark
1600,Isabella,Clark
1601,John,Doe
1602,Jane,Doe
1603,Michael,Doe
1604,Emily,Doe
1605,David,Doe
1606,Sarah,Doe
1607,Robert,Doe
1608,Jessica,Doe
1609,William,Doe
1610,Emma,Doe
1611,Daniel,Doe
1612,Olivia,Doe
1613,James,Doe
1614,Sophia,Doe
1615,Matthew,Doe
1616,Ava,Doe
1617,Andrew,Doe
1618,Mia,Doe
1619,Christopher,Doe
1620,Isabella,Doe
1621,John,Smith
1622,Jane,Smith
1623,Michael,Smith
1624,Emily,Smith
1625,David,Smith
1626,Sarah,Smith
1627,Robert,Smith
1628,Jessica,Smith
1629,William,Smith
1630,Emma,Smith
1631,Daniel,Smith
1632,Olivia,Smith
1633,James,Smith
1634,Sophia,Smith
1635,Matthew,Smith
1636,Ava,Smith
1637,Andrew,Smith
1638,Mia,Smith
1639,Christopher,Smith
1640,Isabella,Smith
1641,John,Johnson
1642,Jane,Johnson
1643,Michael,Johnson
1644,Emily,Johnson
1645,David,Johnson
1646,Sarah,Johnson
1647,Robert,Johnson
1648,Jessica,Johnson
1649,William,Johnson
1650,Emma,Johnson
1651,Daniel,Johnson
1652,Olivia,Johnson
1653,James,Johnson
1654,Sophia,Johnson
1655,Matthew,Johnson
1656,Ava,Johnson
1657,Andrew,Johnson
1658,Mia,Johnson
1659,Christopher,Johnson
1660,Isabella,Johnson
1661,John,Brown
1662,Jane,Brown
1663,Michael,Brown
1664,Emily,Brown
1665,David,Brown
1666,Sarah,Brown
1667,Robert,Brown
1668,Jessica,Brown
1669,William,Brown
1670,Emma,Brown
1671,Daniel,Brown
1672,Olivia,Brown
1673,James,Brown
1674,Sophia,Brown
1675,Matthew,Brown
1676,Ava,Brown
1677,Andrew,Brown
1678,Mia,Brown
1679,Christopher,Brown
1680,Isabella,Brown
1681,John,Miller
1682,Jane,Miller
1683,Michael,Miller
1684,Emily,Miller
1685,David,Miller
1686,Sarah,Miller
1687,Robert,Miller
1688,Jessica,Miller
1689,William,Miller
1690,Emma,Miller
1691,Daniel,Miller
1692,Olivia,Miller
1693,James,Miller
1694,Sophia,Miller
1695,Matthew,Miller
1696,Ava,Miller
1697,Andrew,Miller
1698,Mia,Miller
1699,Christopher,Miller
1700,Isabella,Miller
1701,John,Davis
1702,Jane,Davis
1703,Michael,Davis
1704,Emily,Davis
1705,David,Davis
1706,Sarah,Davis
1707,Robert,Davis
1708,Jessica,Davis
1709,William,Davis
1710,Emma,Davis
1711,Daniel,Davis
1712,Olivia,Davis
1713,James,Davis
1714,Sophia,Davis
1715,Matthew,Davis
1716,Ava,Davis
1717,Andrew,Davis
1718,Mia,Davis
1719,Christopher,Davis
1720,Isabella,Davis
1721,John,Wilson
1722,Jane,Wilson
1723,Michael,Wilson
1724,Emily,Wilson
1725,David,Wilson
1726,Sarah,Wilson
1727,Robert,Wilson
1728,Jessica,Wilson
1729,William,Wilson
1730,Emma,Wilson
1731,Daniel,Wilson
1732,Olivia,Wilson
1733,James,Wilson
1734,Sophia,Wilson
1735,Matthew,Wilson
1736,Ava,Wilson
1737,Andrew,Wilson
1738,Mia,Wilson
1739,Christopher,Wilson
1740,Isabella,Wilson
1741,John,Moore
1742,Jane,Moore
1743,Michael,Moore
1744,Emily,Moore
1745,David,Moore
1746,Sarah,Moore
1747,Robert,Moore
1748,Jessica,Moore
1749,William,Moore
1750,Emma,Moore
1751,Daniel,Moore
1752,Olivia,Moore
1753,James,Moore
1754,Sophia,Moore
1755,Matthew,Moore
1756,Ava,Moore
1757,Andrew,Moore
1758,Mia,Moore
1759,Christopher,Moore
1760,Isabella,Moore
1761,John,Taylor
1762,Jane,Taylor
1763,Michael,Taylor
1764,Emily,Taylor
1765,David,Taylor
1766,Sarah,Taylor
1767,Robert,Taylor
1768,Jessica,Taylor
1769,William,Taylor
1770,Emma,Taylor
1771,Daniel,Taylor
1772,Olivia,Taylor
1773,James,Taylor
1774,Sophia,Taylor
1775,Matthew,Taylor
1776,Ava,Taylor
1777,Andrew,Taylor
1778,Mia,Taylor
1779,Christopher,Taylor
1780,Isabella,Taylor
1781,John,Anderson
1782,Jane,Anderson
1783,Michael,Anderson
1784,Emily,Anderson
1785,David,Anderson
1786,Sarah,Anderson
1787,Robert,Anderson
1788,Jessica,Anderson
1789,William,Anderson
1790,Emma,Anderson
1791,Daniel,Anderson
1792,Olivia,Anderson
1793,James,Anderson
1794,Sophia,Anderson
1795,Matthew,Anderson
1796,Ava,Anderson
1797,Andrew,Anderson
1798,Mia,Anderson
1799,Christopher,Anderson
1800,Isabella,Anderson
1801,John,Thomas
1802,Jane,Thomas
1803,Michael,Thomas
1804,Emily,Thomas
1805,David,Thomas
1806,Sarah,Thomas
1807,Robert,Thomas
1808,Jessica,Thomas
1809,William,Thomas
1810,Emma,Thomas
1811,Daniel,Thomas
1812,Olivia,Thomas
1813,James,Thomas
1814,Sophia,Thomas
1815,Matthew,Thomas
1816,Ava,Thomas
1817,Andrew,Thomas
1818,Mia,Thomas
1819,Christopher,Thomas
1820,Isabella,Thomas
1821,John,Jackson
1822,Jane,Jackson
1823,Michael,Jackson
1824,Emily,Jackson
1825,David,Jackson
1826,Sarah,Jackson
1827,Robert,Jackson
1828,Jessica,Jackson
1829,William,Jackson
1830,Emma,Jackson
1831,Daniel,Jackson
1832,Olivia,Jackson
1833,James,Jackson
1834,Sophia,Jackson
1835,Matthew,Jackson
1836,Ava,Jackson
1837,Andrew,Jackson
1838,Mia,Jackson
1839,Christopher,Jackson
1840,Isabella,Jackson
1841,John,White
1842,Jane,White
1843,Michael,White
1844,Emily,White
1845,David,White
1846,Sarah,White
1847,Robert,White
1848,Jessica,White
1849,William,White
1850,Emma,White
1851,Daniel,White
1852,Olivia,White
1853,James,White
1854,Sophia,White
1855,Matthew,White
1856,Ava,White
1857,Andrew,White
1858,Mia,White
1859,Christopher,White
1860,Isabella,White
1861,John,Harris
1862,Jane,Harris
1863,Michael,Harris
1864,Emily,Harris
1865,David,Harris
1866,Sarah,Harris
1867,Robert,Harris
1868,Jessica,Harris
1869,William,Harris
1870,Emma,Harris
1871,Daniel,Harris
1872,Olivia,Harris
1873,James,Harris
1874,Sophia,Harris
1875,Matthew,Harris
1876,Ava,Harris
1877,Andrew,Harris
1878,Mia,Harris
1879,Christopher,Harris
1880,Isabella,Harris
1881,John,Martin
1882,Jane,Martin
1883,Michael,Martin
1884,Emily,Martin
1885,David,Martin
1886,Sarah,Martin
1887,Robert,Martin
1888,Jessica,Martin
1889,William,Martin
1890,Emma,Martin
1891,Daniel,Martin
1892,Olivia,Martin
1893,James,Martin
1894,Sophia,Martin
1895,Matthew,Martin
1896,Ava,Martin
1897,Andrew,Martin
1898,Mia,Martin
1899,Christopher,Martin
1900,Isabella,Martin
1901,John,Thompson
1902,Jane,Thompson
1903,Michael,Thompson
1904,Emily,Thompson
1905,David,Thompson
1906,Sarah,Thompson
1907,Robert,Thompson
1908,Jessica,Thompson
1909,William,Thompson
1910,Emma,Thompson
1911,Daniel,Thompson
1912,Olivia,Thompson
1913,James,Thompson
1914,Sophia,Thompson
1915,Matthew,Thompson
1916,Ava,Thompson
1917,Andrew,Thompson
1918,Mia,Thompson
1919,Christopher,Thompson
1920,Isabella,Thompson
1921,John,Garcia
1922,Jane,Garcia
1923,Michael,Garcia
1924,Emily,Garcia
1925,David,Garcia
1926,Sarah,Garcia
1927,Robert,Garcia
1928,Jessica,Garcia
1929,William,Garcia
1930,Emma,Garcia
1931,Daniel,Garcia
1932,Olivia,Garcia
1933,James,Garcia
1934,Sophia,Garcia
1935,Matthew,Garcia
1936,Ava,Garcia
1937,Andrew,Garcia
1938,Mia,Garcia
1939,Christopher,Garcia
1940,Isabella,Garcia
1941,John,Martinez
1942,Jane,Martinez
1943,Michael,Martinez
1944,Emily,Martinez
1945,David,Martinez
1946,Sarah,Martinez
1947,Robert,Martinez
1948,Jessica,Martinez
1949,William,Martinez
1950,Emma,Martinez
1951,Daniel,Martinez
1952,Olivia,Martinez
1953,James,Martinez
1954,Sophia,Martinez
1955,Matthew,Martinez
1956,Ava,Martinez
1957,Andrew,Martinez
1958,Mia,Martinez
1959,Christopher,Martinez
1960,Isabella,Martinez
1961,John,Robinson
1962,Jane,Robinson
1963,Michael,Robinson
1964,Emily,Robinson
1965,David,Robinson
1966,Sarah,Robinson
1967,Robert,Robinson
1968,Jessica,Robinson
1969,William,Robinson
1970,Emma,Robinson
1971,Daniel,Robinson
1972,Olivia,Robinson
1973,James,Robinson
1974,Sophia,Robinson
1975,Matthew,Robinson
1976,Ava,Robinson
1977,Andrew,Robinson
1978,Mia,Robinson
1979,Christopher,Robinson
1980,Isabella,Robinson
1981,John,Clark
1982,Jane,Clark
1983,Michael,Clark
1984,Emily,Clark
1985,David,Clark
1986,Sarah,Clark
1987,Robert,Clark
1988,Jessica,Clark
1989,William,Clark
1990,Emma,Clark
1991,Daniel,Clark
1992,Olivia,Clark
1993,James,Clark
1994,Sophia,Clark
1995,Matthew,Clark
1996,Ava,Clark
1997,Andrew,Clark
1998,Mia,Clark
1999,Christopher,Clark
2000,Isabella,Clark
2001,John,Doe
2002,Jane,Doe
2003,Michael,Doe
2004,Emily,Doe
2005,David,Doe
2006,Sarah,Doe
2007,Robert,Doe
2008,Jessica,Doe
2009,William,Doe
2010,Emma,Doe
2011,Daniel,Doe
2012,Olivia,Doe
2013,James,Doe
2014,Sophia,Doe
2015,Matthew,Doe
2016,Ava,Doe
2017,Andrew,Doe
2018,Mia,Doe
2019,Christopher,Doe
2020,Isabella,Doe
2021,John,Smith
2022,Jane,Smith
2023,Michael,Smith
2024,Emily,Smith
2025,David,Smith
2026,Sarah,Smith
2027,Robert,Smith
2028,Jessica,Smith
2029,William,Smith
2030,Emma,Smith
2031,Daniel,Smith
2032,Olivia,Smith
2033,James,Smith
2034,Sophia,Smith
2035,Matthew,Smith
2036,Ava,Smith
2037,Andrew,Smith
2038,Mia,Smith
2039,Christopher,Smith
2040,Isabella,Smith
2041,John,Johnson
2042,Jane,Johnson
2043,Michael,Johnson
2044,Emily,Johnson
2045,David,Johnson
2046,Sarah,Johnson
2047,Robert,Johnson
2048,Jessica,Johnson
2049,William,Johnson
2050,Emma,Johnson
2051,Daniel,Johnson
2052,Olivia,Johnson
2053,James,Johnson
2054,Sophia,Johnson
2055,Matthew,Johnson
2056,Ava,Johnson
2057,Andrew,Johnson
2058,Mia,Johnson
2059,Christopher,Johnson
2060,Isabella,Johnson
2061,John,Brown
2062,Jane,Brown
2063,Michael,Brown
2064,Emily,Brown
2065,David,Brown
2066,Sarah,Brown
2067,Robert,Brown
2068,Jessica,Brown
2069,William,Brown
2070,Emma,Brown
2071,Daniel,Brown
2072,Olivia,Brown
2073,James,Brown
2074,Sophia,Brown
2075,Matthew,Brown
2076,Ava,Brown
2077,Andrew,Brown
2078,Mia,Brown
2079,Christopher,Brown
2080,Isabella,Brown
2081,John,Miller
2082,Jane,Miller
2083,Michael,Miller
2084,Emily,Miller
2085,David,Miller
2086,Sarah,Miller
2087,Robert,Miller
2088,Jessica,Miller
2089,William,Miller
2090,Emma,Miller
2091,Daniel,Miller
2092,Olivia,Miller
2093,James,Miller
2094,Sophia,Miller
2095,Matthew,Miller
2096,Ava,Miller
2097,Andrew,Miller
2098,Mia,Miller
2099,Christopher,Miller
2100,Isabella,Miller
2101,John,Davis
2102,Jane,Davis
2103,Michael,Davis
2104,Emily,Davis
2105,David,Davis
2106,Sarah,Davis
2107,Robert,Davis
2108,Jessica,Davis
2109,William,Davis
2110,Emma,Davis
2111,Daniel,Davis
2112,Olivia,Davis
2113,James,Davis
2114,Sophia,Davis
2115,Matthew,Davis
2116,Ava,Davis
2117,Andrew,Davis
2118,Mia,Davis
2119,Christopher,Davis
2120,Isabella,Davis
2121,John,Wilson
2122,Jane,Wilson
2123,Michael,Wilson
2124,Emily,Wilson
2125,David,Wilson
2126,Sarah,Wilson
2127,Robert,Wilson
2128,Jessica,Wilson
2129,William,Wilson
2130,Emma,Wilson
2131,Daniel,Wilson
2132,Olivia,Wilson
2133,James,Wilson
2134,Sophia,Wilson
2135,Matthew,Wilson
2136,Ava,Wilson
2137,Andrew,Wilson
2138,Mia,Wilson
2139,Christopher,Wilson
2140,Isabella,Wilson
2141,John,Moore
2142,Jane,Moore
2143,Michael,Moore
2144,Emily,Moore
2145,David,Moore
2146,Sarah,Moore
2147,Robert,Moore
2148,Jessica,Moore
2149,William,Moore
2150,Emma,Moore
2151,Daniel,Moore
2152,Olivia,Moore
2153,James,Moore
2154,Sophia,Moore
2155,Matthew,Moore
2156,Ava,Moore
2157,Andrew,Moore
2158,Mia,Moore
2159,Christopher,Moore
2160,Isabella,Moore
2161,John,Taylor
2162,Jane,Taylor
2163,Michael,Taylor
2164,Emily,Taylor
2165,David,Taylor
2166,Sarah,Taylor
2167,Robert,Taylor
2168,Jessica,Taylor
2169,William,Taylor
2170,Emma,Taylor
2171,Daniel,Taylor
2172,Olivia,Taylor
2173,James,Taylor
2174,Sophia,Taylor
2175,Matthew,Taylor
2176,Ava,Taylor
2177,Andrew,Taylor
2178,Mia,Taylor
2179,Christopher,Taylor
2180,Isabella,Taylor
2181,John,Anderson
2182,Jane,Anderson
2183,Michael,Anderson
2184,Emily,Anderson
2185,David,Anderson
2186,Sarah,Anderson
2187,Robert,Anderson
2188,Jessica,Anderson
2189,William,Anderson
2190,Emma,Anderson
2191,Daniel,Anderson
2192,Olivia,Anderson
2193,James,Anderson
2194,Sophia,Anderson
2195,Matthew,Anderson
2196,Ava,Anderson
2197,Andrew,Anderson
2198,Mia,Anderson
2199,Christopher,Anderson
2200,Isabella,Anderson
2201,John,Thomas
2202,Jane,Thomas
2203,Michael,Thomas
2204,Emily,Thomas
2205,David,Thomas
2206,Sarah,Thomas
2207,Robert,Thomas
2208,Jessica,Thomas
2209,William,Thomas
2210,Emma,Thomas
2211,Daniel,Thomas
2212,Olivia,Thomas
2213,James,Thomas
2214,Sophia,Thomas
2215,Matthew,Thomas
2216,Ava,Thomas
2217,Andrew,Thomas
2218,Mia,Thomas
2219,Christopher,Thomas
2220,Isabella,Thomas
2221,John,Jackson
2222,Jane,Jackson
2223,Michael,Jackson
2224,Emily,Jackson
2225,David,Jackson
2226,Sarah,Jackson
2227,Robert,Jackson
2228,Jessica,Jackson
2229,William,Jackson
2230,Emma,Jackson
2231,Daniel,Jackson
2232,Olivia,Jackson
2233,James,Jackson
2234,Sophia,Jackson
2235,Matthew,Jackson
2236,Ava,Jackson
2237,Andrew,Jackson
2238,Mia,Jackson
2239,Christopher,Jackson
2240,Isabella,Jackson
2241,John,White
2242,Jane,White
2243,Michael,White
2244,Emily,White
2245,David,White
2246,Sarah,White
2247,Robert,White
2248,Jessica,White
2249,William,White
2250,Emma,White
2251,Daniel,White
2252,Olivia,White
2253,James,White
2254,Sophia,White
2255,Matthew,White
2256,Ava,White
2257,Andrew,White
2258,Mia,White
2259,Christopher,White
2260,Isabella,White
2261,John,Harris
2262,Jane,Harris
2263,Michael,Harris
2264,Emily,Harris
2265,David,Harris
2266,Sarah,Harris
2267,Robert,Harris
2268,Jessica,Harris
2269,William,Harris
2270,Emma,Harris
2271,Daniel,Harris
2272,Olivia,Harris
2273,James,Harris
2274,Sophia,Harris
2275,Matthew,Harris
2276,Ava,Harris
2277,Andrew,Harris
2278,Mia,Harris
2279,Christopher,Harris
2280,Isabella,Harris
2281,John,Martin
2282,Jane,Martin
2283,Michael,Martin
2284,Emily,Martin
2285,David,Martin
2286,Sarah,Martin
2287,Robert,Martin
2288,Jessica,Martin
2289,William,Martin
2290,Emma,Martin
2291,Daniel,Martin
2292,Olivia,Martin
2293,James,Martin
2294,Sophia,Martin
2295,Matthew,Martin
2296,Ava,Martin
2297,Andrew,Martin
2298,Mia,Martin
2299,Christopher,Martin
2300,Isabella,Martin
2301,John,Thompson
2302,Jane,Thompson
2303,Michael,Thompson
2304,Emily,Thompson
2305,David,Thompson
2306,Sarah,Thompson
2307,Robert,Thompson
2308,Jessica,Thompson
2309,William,Thompson
2310,Emma,Thompson
2311,Daniel,Thompson
2312,Olivia,Thompson
2313,James,Thompson
2314,Sophia,Thompson
2315,Matthew,Thompson
2316,Ava,Thompson
2317,Andrew,Thompson
2318,Mia,Thompson
2319,Christopher,Thompson
2320,Isabella,Thompson
2321,John,Garcia
2322,Jane,Garcia
2323,Michael,Garcia
2324,Emily,Garcia
2325,David,Garcia
2326,Sarah,Garcia
2327,Robert,Garcia
2328,Jessica,Garcia
2329,William,Garcia
2330,Emma,Garcia
2331,Daniel,Garcia
2332,Olivia,Garcia
2333,James,Garcia
2334,Sophia,Garcia
2335,Matthew,Garcia
2336,Ava,Garcia
2337,Andrew,Garcia
2338,Mia,Garcia
2339,Christopher,Garcia
2340,Isabella,Garcia
2341,John,Martinez
2342,Jane,Martinez
2343,Michael,Martinez
2344,Emily,Martinez
2345,David,Martinez
2346,Sarah,Martinez
2347,Robert,Martinez
2348,Jessica,Martinez
2349,William,Martinez
2350,Emma,Martinez
2351,Daniel,Martinez
2352,Olivia,Martinez
2353,James,Martinez
2354,Sophia,Martinez
2355,Matthew,Martinez
2356,Ava,Martinez
2357,Andrew,Martinez
2358,Mia,Martinez
2359,Christopher,Martinez
2360,Isabella,Martinez
2361,John,Robinson
2362,Jane,Robinson
2363,Michael,Robinson
2364,Emily,Robinson
2365,David,Robinson
2366,Sarah,Robinson
2367,Robert,Robinson
2368,Jessica,Robinson
2369,William,Robinson
2370,Emma,Robinson
2371,Daniel,Robinson
2372,Olivia,Robinson
2373,James,Robinson
2374,Sophia,Robinson
2375,Matthew,Robinson
2376,Ava,Robinson
2377,Andrew,Robinson
2378,Mia,Robinson
2379,Christopher,Robinson
2380,Isabella,Robinson
2381,John,Clark
2382,Jane,Clark
2383,Michael,Clark
2384,Emily,Clark
2385,David,Clark
2386,Sarah,Clark
2387,Robert,Clark
2388,Jessica,Clark
2389,William,Clark
2390,Emma,Clark
2391,Daniel,Clark
2392,Olivia,Clark
2393,James,Clark
2394,Sophia,Clark
2395,Matthew,Clark
2396,Ava,Clark
2397,Andrew,Clark
2398,Mia,Clark
2399,Christopher,Clark
2400,Isabella,Clark
2401,John,Doe
2402,Jane,Doe
2403,Michael,Doe
2404,Emily,Doe
2405,David,Doe
2406,Sarah,Doe
2407,Robert,Doe
2408,Jessica,Doe
2409,William,Doe
2410,Emma,Doe
2411,Daniel,Doe
2412,Olivia,Doe
2413,James,Doe
2414,Sophia,Doe
2415,Matthew,Doe
2416,Ava,Doe
2417,Andrew,Doe
2418,Mia,Doe
2419,Christopher,Doe
2420,Isabella,Doe
2421,John,Smith
2422,Jane,Smith
2423,Michael,Smith
2424,Emily,Smith
2425,David,Smith
2426,Sarah,Smith
2427,Robert,Smith
2428,Jessica,Smith
2429,William,Smith
2430,Emma,Smith
2431,Daniel,Smith
2432,Olivia,Smith
2433,James,Smith
2434,Sophia,Smith
2435,Matthew,Smith
2436,Ava,Smith
2437,Andrew,Smith
2438,Mia,Smith
2439,Christopher,Smith
2440,Isabella,Smith
2441,John,Johnson
2442,Jane,Johnson
2443,Michael,Johnson
2444,Emily,Johnson
2445,David,Johnson
2446,Sarah,Johnson
2447,Robert,Johnson
2448,Jessica,Johnson
2449,William,Johnson
2450,Emma,Johnson
2451,Daniel,Johnson
2452,Olivia,Johnson
2453,James,Johnson
2454,Sophia,Johnson
2455,Matthew,Johnson
2456,Ava,Johnson
2457,Andrew,Johnson
2458,Mia,Johnson
2459,Christopher,Johnson
2460,Isabella,Johnson
2461,John,Brown
2462,Jane,Brown
2463,Michael,Brown
2464,Emily,Brown
2465,David,Brown
2466,Sarah,Brown
2467,Robert,Brown
2468,Jessica,Brown
2469,William,Brown
2470,Emma,Brown
2471,Daniel,Brown
2472,Olivia,Brown
2473,James,Brown
2474,Sophia,Brown
2475,Matthew,Brown
2476,Ava,Brown
2477,Andrew,Brown
2478,Mia,Brown
2479,Christopher,Brown
2480,Isabella,Brown
2481,John,Miller
2482,Jane,Miller
2483,Michael,Miller
2484,Emily,Miller
2485,David,Miller
2486,Sarah,Miller
2487,Robert,Miller
2488,Jessica,Miller
2489,William,Miller
2490,Emma,Miller
2491,Daniel,Miller
2492,Olivia,Miller
2493,James,Miller
2494,Sophia,Miller
2495,Matthew,Miller
2496,Ava,Miller
2497,Andrew,Miller
2498,Mia,Miller
2499,Christopher,Miller
2500,Isabella,Miller
2501,John,Davis
2502,Jane,Davis
2503,Michael,Davis
2504,Emily,Davis
2505,David,Davis
2506,Sarah,Davis
2507,Robert,Davis
2508,Jessica,Davis
2509,William,Davis
2510,Emma,Davis
2511,Daniel,Davis
2512,Olivia,Davis
2513,James,Davis
2514,Sophia,Davis
2515,Matthew,Davis
2516,Ava,Davis
2517,Andrew,Davis
2518,Mia,Davis
2519,Christopher,Davis
2520,Isabella,Davis
2521,John,Wilson
2522,Jane,Wilson
2523,Michael,Wilson
2524,Emily,Wilson
2525,David,Wilson
2526,Sarah,Wilson
2527,Robert,Wilson
2528,Jessica,Wilson
2529,William,Wilson
2530,Emma,Wilson
2531,Daniel,Wilson
2532,Olivia,Wilson
2533,James,Wilson
2534,Sophia,Wilson
2535,Matthew,Wilson
2536,Ava,Wilson
2537,Andrew,Wilson
2538,Mia,Wilson
2539,Christopher,Wilson
2540,Isabella,Wilson
2541,John,Moore
2542,Jane,Moore
2543,Michael,Moore
2544,Emily,Moore
2545,David,Moore
2546,Sarah,Moore
2547,Robert,Moore
2548,Jessica,Moore
2549,William,Moore
2550,Emma,Moore
2551,Daniel,Moore
2552,Olivia,Moore
2553,James,Moore
2554,Sophia,Moore
2555,Matthew,Moore
2556,Ava,Moore
2557,Andrew,Moore
2558,Mia,Moore
2559,Christopher,Moore
2560,Isabella,Moore
2561,John,Taylor
2562,Jane,Taylor
2563,Michael,Taylor
2564,Emily,Taylor
2565,David,Taylor
2566,Sarah,Taylor
2567,Robert,Taylor
2568,Jessica,Taylor
2569,William,Taylor
2570,Emma,Taylor
2571,Daniel,Taylor
2572,Olivia,Taylor
2573,James,Taylor
2574,Sophia,Taylor
2575,Matthew,Taylor
2576,Ava,Taylor
2577,Andrew,Taylor
2578,Mia,Taylor
2579,Christopher,Taylor
2580,Isabella,Taylor
2581,John,Anderson
2582,Jane,Anderson
2583,Michael,Anderson
2584,Emily,Anderson
2585,David,Anderson
2586,Sarah,Anderson
2587,Robert,Anderson
2588,Jessica,Anderson
2589,William,Anderson
2590,Emma,Anderson
2591,Daniel,Anderson
2592,Olivia,Anderson
2593,James,Anderson
2594,Sophia,Anderson
2595,Matthew,Anderson
2596,Ava,Anderson
2597,Andrew,Anderson
2598,Mia,Anderson
2599,Christopher,Anderson
2600,Isabella,Anderson
2601,John,Thomas
2602,Jane,Thomas
2603,Michael,Thomas
2604,Emily,Thomas
2605,David,Thomas
2606,Sarah,Thomas
2607,Robert,Thomas
2608,Jessica,Thomas
2609,William,Thomas
2610,Emma,Thomas
2611,Daniel,Thomas
2612,Olivia,Thomas
2613,James,Thomas
2614,Sophia,Thomas
2615,Matthew,Thomas
2616,Ava,Thomas
2617,Andrew,Thomas
2618,Mia,Thomas
2619,Christopher,Thomas
2620,Isabella,Thomas
2621,John,Jackson
2622,Jane,Jackson
2623,Michael,Jackson
2624,Emily,Jackson
2625,David,Jackson
2626,Sarah,Jackson
2627,Robert,Jackson
2628,Jessica,Jackson
2629,William,Jackson
2630,Emma,Jackson
2631,Daniel,Jackson
2632,Olivia,Jackson
2633,James,Jackson
2634,Sophia,Jackson
2635,Matthew,Jackson
2636,Ava,Jackson
2637,Andrew,Jackson
2638,Mia,Jackson
2639,Christopher,Jackson
2640,Isabella,Jackson
2641,John,White
2642,Jane,White
2643,Michael,White
2644,Emily,White
2645,David,White
2646,Sarah,White
2647,Robert,White
2648,Jessica,White
2649,William,White
2650,Emma,White
2651,Daniel,White
2652,Olivia,White
2653,James,White
2654,Sophia,White
2655,Matthew,White
2656,Ava,White
2657,Andrew,White
2658,Mia,White
2659,Christopher,White
2660,Isabella,White
2661,John,Harris
2662,Jane,Harris
2663,Michael,Harris
2664,Emily,Harris
2665,David,Harris
2666,Sarah,Harris
2667,Robert,Harris
2668,Jessica,Harris
2669,William,Harris
2670,Emma,Harris
2671,Daniel,Harris
2672,Olivia,Harris
2673,James,Harris
2674,Sophia,Harris
2675,Matthew,Harris
2676,Ava,Harris
2677,Andrew,Harris
2678,Mia,Harris
2679,Christopher,Harris
2680,Isabella,Harris
2681,John,Martin
2682,Jane,Martin
2683,Michael,Martin
2684,Emily,Martin
2685,David,Martin
2686,Sarah,Martin
2687,Robert,Martin
2688,Jessica,Martin
2689,William,Martin
2690,Emma,Martin
2691,Daniel,Martin
2692,Olivia,Martin
2693,James,Martin
2694,Sophia,Martin
2695,Matthew,Martin
2696,Ava,Martin
2697,Andrew,Martin
2698,Mia,Martin
2699,Christopher,Martin
2700,Isabella,Martin
2701,John,Thompson
2702,Jane,Thompson
2703,Michael,Thompson
2704,Emily,Thompson
2705,David,Thompson
2706,Sarah,Thompson
2707,Robert,Thompson
2708,Jessica,Thompson
2709,William,Thompson
2710,Emma,Thompson
2711,Daniel,Thompson
2712,Olivia,Thompson
2713,James,Thompson
2714,Sophia,Thompson
2715,Matthew,Thompson
2716,Ava,Thompson
2717,Andrew,Thompson
2718,Mia,Thompson
2719,Christopher,Thompson
2720,Isabella,Thompson
2721,John,Garcia
2722,Jane,Garcia
2723,Michael,Garcia
2724,Emily,Garcia
2725,David,Garcia
2726,Sarah,Garcia
2727,Robert,Garcia
2728,Jessica,Garcia
2729,William,Garcia
2730,Emma,Garcia
2731,Daniel,Garcia
2732,Olivia,Garcia
2733,James,Garcia
2734,Sophia,Garcia
2735,Matthew,Garcia
2736,Ava,Garcia
2737,Andrew,Garcia
2738,Mia,Garcia
2739,Christopher,Garcia
2740,Isabella,Garcia
2741,John,Martinez
2742,Jane,Martinez
2743,Michael,Martinez
2744,Emily,Martinez
2745,David,Martinez
2746,Sarah,Martinez
2747,Robert,Martinez
2748,Jessica,Martinez
2749,William,Martinez
2750,Emma,Martinez
2751,Daniel,Martinez
2752,Olivia,Martinez
2753,James,Martinez
2754,Sophia,Martinez
2755,Matthew,Martinez
2756,Ava,Martinez
2757,Andrew,Martinez
2758,Mia,Martinez
2759,Christopher,Martinez
2760,Isabella,Martinez
2761,John,Robinson
2762,Jane,Robinson
2763,Michael,Robinson
2764,Emily,Robinson
2765,David,Robinson
2766,Sarah,Robinson
2767,Robert,Robinson
2768,Jessica,Robinson
2769,William,Robinson
2770,Emma,Robinson
2771,Daniel,Robinson
2772,Olivia,Robinson
2773,James,Robinson
2774,Sophia,Robinson
2775,Matthew,Robinson
2776,Ava,Robinson
2777,Andrew,Robinson
2778,Mia,Robinson
2779,Christopher,Robinson
2780,Isabella,Robinson
2781,John,Clark
2782,Jane,Clark
2783,Michael,Clark
2784,Emily,Clark
2785,David,Clark
2786,Sarah,Clark
2787,Robert,Clark
2788,Jessica,Clark
2789,William,Clark
2790,Emma,Clark
2791,Daniel,Clark
2792,Olivia,Clark
2793,James,Clark
2794,Sophia,Clark
2795,Matthew,Clark
2796,Ava,Clark
2797,Andrew,Clark
2798,Mia,Clark
2799,Christopher,Clark
2800,Isabella,Clark
2801,John,Doe
2802,Jane,Doe
2803,Michael,Doe
2804,Emily,Doe
2805,David,Doe
2806,Sarah,Doe
2807,Robert,Doe
2808,Jessica,Doe
2809,William,Doe
2810,Emma,Doe
2811,Daniel,Doe
2812,Olivia,Doe
2813,James,Doe
2814,Sophia,Doe
2815,Matthew,Doe
2816,Ava,Doe
2817,Andrew,Doe
2818,Mia,Doe
2819,Christopher,Doe
2820,Isabella,Doe
2821,John,Smith
2822,Jane,Smith
2823,Michael,Smith
2824,Emily,Smith
2825,David,Smith
2826,Sarah,Smith
2827,Robert,Smith
2828,Jessica,Smith
2829,William,Smith
2830,Emma,Smith
2831,Daniel,Smith
2832,Olivia,Smith
2833,James,Smith
2834,Sophia,Smith
2835,Matthew,Smith
2836,Ava,Smith
2837,Andrew,Smith
2838,Mia,Smith
2839,Christopher,Smith
2840,Isabella,Smith
2841,John,Johnson
2842,Jane,Johnson
2843,Michael,Johnson
2844,Emily,Johnson
2845,David,Johnson
2846,Sarah,Johnson
2847,Robert,Johnson
2848,Jessica,Johnson
2849,William,Johnson
2850,Emma,Johnson
2851,Daniel,Johnson
2852,Olivia,Johnson
2853,James,Johnson
2854,Sophia,Johnson
2855,Matthew,Johnson
2856,Ava,Johnson
2857,Andrew,Johnson
2858,Mia,Johnson
2859,Christopher,Johnson
2860,Isabella,Johnson
2861,John,Brown
2862,Jane,Brown
2863,Michael,Brown
2864,Emily,Brown
2865,David,Brown
2866,Sarah,Brown
2867,Robert,Brown
2868,Jessica,Brown
2869,William,Brown
2870,Emma,Brown
2871,Daniel,Brown
2872,Olivia,Brown
2873,James,Brown
2874,Sophia,Brown
2875,Matthew,Brown
2876,Ava,Brown
2877,Andrew,Brown
2878,Mia,Brown
2879,Christopher,Brown
2880,Isabella,Brown
2881,John,Miller
2882,Jane,Miller
2883,Michael,Miller
2884,Emily,Miller
2885,David,Miller
2886,Sarah,Miller
2887,Robert,Miller
2888,Jessica,Miller
2889,William,Miller
2890,Emma,Miller
2891,Daniel,Miller
2892,Olivia,Miller
2893,James,Miller
2894,Sophia,Miller
2895,Matthew,Miller
2896,Ava,Miller
2897,Andrew,Miller
2898,Mia,Miller
2899,Christopher,Miller
2900,Isabella,Miller
2901,John,Davis
2902,Jane,Davis
2903,Michael,Davis
2904,Emily,Davis
2905,David,Davis
2906,Sarah,Davis
2907,Robert,Davis
2908,Jessica,Davis
2909,William,Davis
2910,Emma,Davis
2911,Daniel,Davis
2912,Olivia,Davis
2913,James,Davis
2914,Sophia,Davis
2915,Matthew,Davis
2916,Ava,Davis
2917,Andrew,Davis
2918,Mia,Davis
2919,Christopher,Davis
2920,Isabella,Davis
2921,John,Wilson
2922,Jane,Wilson
2923,Michael,Wilson
2924,Emily,Wilson
2925,David,Wilson
2926,Sarah,Wilson
2927,Robert,Wilson
2928,Jessica,Wilson
2929,William,Wilson
2930,Emma,Wilson
2931,Daniel,Wilson
2932,Olivia,Wilson
2933,James,Wilson
2934,Sophia,Wilson
2935,Matthew,Wilson
2936,Ava,Wilson
2937,Andrew,Wilson
2938,Mia,Wilson
2939,Christopher,Wilson
2940,Isabella,Wilson
2941,John,Moore
2942,Jane,Moore
2943,Michael,Moore
2944,Emily,Moore
2945,David,Moore
2946,Sarah,Moore
2947,Robert,Moore
2948,Jessica,Moore
2949,William,Moore
2950,Emma,Moore
2951,Daniel,Moore
2952,Olivia,Moore
2953,James,Moore
2954,Sophia,Moore
2955,Matthew,Moore
2956,Ava,Moore
2957,Andrew,Moore
2958,Mia,Moore
2959,Christopher,Moore
2960,Isabella,Moore
2961,John,Taylor
2962,Jane,Taylor
2963,Michael,Taylor
2964,Emily,Taylor
2965,David,Taylor
2966,Sarah,Taylor
2967,Robert,Taylor
2968,Jessica,Taylor
2969,William,Taylor
2970,Emma,Taylor
2971,Daniel,Taylor
2972,Olivia,Taylor
2973,James,Taylor
2974,Sophia,Taylor
2975,Matthew,Taylor
2976,Ava,Taylor
2977,Andrew,Taylor
2978,Mia,Taylor
2979,Christopher,Taylor
2980,Isabella,Taylor
2981,John,Anderson
2982,Jane,Anderson
2983,Michael,Anderson
2984,Emily,Anderson
2985,David,Anderson
2986,Sarah,Anderson
2987,Robert,Anderson
2988,Jessica,Anderson
2989,William,Anderson
2990,Emma,Anderson
2991,Daniel,Anderson
2992,Olivia,Anderson
2993,James,Anderson
2994,Sophia,Anderson
2995,Matthew,Anderson
2996,Ava,Anderson
2997,Andrew,Anderson
2998,Mia,Anderson
2999,Christopher,Anderson
3000,Isabella,Anderson
3001,John,Thomas
3002,Jane,Thomas
3003,Michael,Thomas
3004,Emily,Thomas
3005,David,Thomas
3006,Sarah,Thomas
3007,Robert,Thomas
3008,Jessica,Thomas
3009,William,Thomas
3010,Emma,Thomas
3011,Daniel,Thomas
3012,Olivia,Thomas
3013,James,Thomas
3014,Sophia,Thomas
3015,Matthew,Thomas
3016,Ava,Thomas
3017,Andrew,Thomas
3018,Mia,Thomas
3019,Christopher,Thomas
3020,Isabella,Thomas
3021,John,Jackson
3022,Jane,Jackson
3023,Michael,Jackson
3024,Emily,Jackson
3025,David,Jackson
3026,Sarah,Jackson
3027,Robert,Jackson
3028,Jessica,Jackson
3029,William,Jackson
3030,Emma,Jackson
3031,Daniel,Jackson
3032,Olivia,Jackson
3033,James,Jackson
3034,Sophia,Jackson
3035,Matthew,Jackson
3036,Ava,Jackson
3037,Andrew,Jackson
3038,Mia,Jackson
3039,Christopher,Jackson
3040,Isabella,Jackson
3041,John,White
3042,Jane,White
3043,Michael,White
3044,Emily,White
3045,David,White
3046,Sarah,White
3047,Robert,White
3048,Jessica,White
3049,William,White
3050,Emma,White
3051,Daniel,White
3052,Olivia,White
3053,James,White
3054,Sophia,White
3055,Matthew,White
3056,Ava,White
3057,Andrew,White
3058,Mia,White
3059,Christopher,White
3060,Isabella,White
3061,John,Harris
3062,Jane,Harris
3063,Michael,Harris
3064,Emily,Harris
3065,David,Harris
3066,Sarah,Harris
3067,Robert,Harris
3068,Jessica,Harris
3069,William,Harris
3070,Emma,Harris
3071,Daniel,Harris
3072,Olivia,Harris
3073,James,Harris
3074,Sophia,Harris
3075,Matthew,Harris
3076,Ava,Harris
3077,Andrew,Harris
3078,Mia,Harris
3079,Christopher,Harris
3080,Isabella,Harris
3081,John,Martin
3082,Jane,Martin
3083,Michael,Martin
3084,Emily,Martin
3085,David,Martin
3086,Sarah,Martin
3087,Robert,Martin
3088,Jessica,Martin
3089,William,Martin
3090,Emma,Martin
3091,Daniel,Martin
3092,Olivia,Martin
3093,James,Martin
3094,Sophia,Martin
3095,Matthew,Martin
3096,Ava,Martin
3097,Andrew,Martin
3098,Mia,Martin
3099,Christopher,Martin
3100,Isabella,Martin
3101,John,Thompson
3102,Jane,Thompson
3103,Michael,Thompson
3104,Emily,Thompson
3105,David,Thompson
3106,Sarah,Thompson
3107,Robert,Thompson
3108,Jessica,Thompson
3109,William,Thompson
3110,Emma,Thompson
3111,Daniel,Thompson
3112,Olivia,Thompson
3113,James,Thompson
3114,Sophia,Thompson
3115,Matthew,Thompson
3116,Ava,Thompson
3117,Andrew,Thompson
3118,Mia,Thompson
3119,Christopher,Thompson
3120,Isabella,Thompson
3121,John,Garcia
3122,Jane,Garcia
3123,Michael,Garcia
3124,Emily,Garcia
3125,David,Garcia
3126,Sarah,Garcia
3127,Robert,Garcia
3128,Jessica,Garcia
3129,William,Garcia
3130,Emma,Garcia
3131,Daniel,Garcia
3132,Olivia,Garcia
3133,James,Garcia
3134,Sophia,Garcia
3135,Matthew,Garcia
3136,Ava,Garcia
3137,Andrew,Garcia
3138,Mia,Garcia
3139,Christopher,Garcia
3140,Isabella,Garcia
3141,John,Martinez
3142,Jane,Martinez
3143,Michael,Martinez
3144,Emily,Martinez
3145,David,Martinez
3146,Sarah,Martinez
3147,Robert,Martinez
3148,Jessica,Martinez
3149,William,Martinez
3150,Emma,Martinez
3151,Daniel,Martinez
3152,Olivia,Martinez
3153,James,Martinez
3154,Sophia,Martinez
3155,Matthew,Martinez
3156,Ava,Martinez
3157,Andrew,Martinez
3158,Mia,Martinez
3159,Christopher,Martinez
3160,Isabella,Martinez
3161,John,Robinson
3162,Jane,Robinson
3163,Michael,Robinson
3164,Emily,Robinson
3165,David,Robinson
3166,Sarah,Robinson
3167,Robert,Robinson
3168,Jessica,Robinson
3169,William,Robinson
3170,Emma,Robinson
3171,Daniel,Robinson
3172,Olivia,Robinson
3173,James,Robinson
3174,Sophia,Robinson
3175,Matthew,Robinson
3176,Ava,Robinson
3177,Andrew,Robinson
3178,Mia,Robinson
3179,Christopher,Robinson
3180,Isabella,Robinson
3181,John,Clark
3182,Jane,Clark
3183,Michael,Clark
3184,Emily,Clark
3185,David,Clark
3186,Sarah,Clark
3187,Robert,Clark
3188,Jessica,Clark
3189,William,Clark
3190,Emma,Clark
3191,Daniel,Clark
3192,Olivia,Clark
3193,James,Clark
3194,Sophia,Clark
3195,Matthew,Clark
3196,Ava,Clark
3197,Andrew,Clark
3198,Mia,Clark
3199,Christopher,Clark
3200,Isabella,Clark
3201,John,Doe
3202,Jane,Doe
3203,Michael,Doe
3204,Emily,Doe
3205,David,Doe
3206,Sarah,Doe
3207,Robert,Doe
3208,Jessica,Doe
3209,William,Doe
3210,Emma,Doe
3211,Daniel,Doe
3212,Olivia,Doe
3213,James,Doe
3214,Sophia,Doe
3215,Matthew,Doe
3216,Ava,Doe
3217,Andrew,Doe
3218,Mia,Doe
3219,Christopher,Doe
3220,Isabella,Doe
3221,John,Smith
3222,Jane,Smith
3223,Michael,Smith
3224,Emily,Smith
3225,David,Smith
3226,Sarah,Smith
3227,Robert,Smith
3228,Jessica,Smith
3229,William,Smith
3230,Emma,Smith
3231,Daniel,Smith
3232,Olivia,Smith
3233,James,Smith
3234,Sophia,Smith
3235,Matthew,Smith
3236,Ava,Smith
3237,Andrew,Smith
3238,Mia,Smith
3239,Christopher,Smith
3240,Isabella,Smith
3241,John,Johnson
3242,Jane,Johnson
3243,Michael,Johnson
3244,Emily,Johnson
3245,David,Johnson
3246,Sarah,Johnson
3247,Robert,Johnson
3248,Jessica,Johnson
3249,William,Johnson
3250,Emma,Johnson
3251,Daniel,Johnson
3252,Olivia,Johnson
3253,James,Johnson
3254,Sophia,Johnson
3255,Matthew,Johnson
3256,Ava,Johnson
3257,Andrew,Johnson
3258,Mia,Johnson
3259,Christopher,Johnson
3260,Isabella,Johnson
3261,John,Brown
3262,Jane,Brown
3263,Michael,Brown
3264,Emily,Brown
3265,David,Brown
3266,Sarah,Brown
3267,Robert,Brown
3268,Jessica,Brown
3269,William,Brown
3270,Emma,Brown
3271,Daniel,Brown
3272,Olivia,Brown
3273,James,Brown
3274,Sophia,Brown
3275,Matthew,Brown
3276,Ava,Brown
3277,Andrew,Brown
3278,Mia,Brown
3279,Christopher,Brown
3280,Isabella,Brown
3281,John,Miller
3282,Jane,Miller
3283,Michael,Miller
3284,Emily,Miller
3285,David,Miller
3286,Sarah,Miller
3287,Robert,Miller
3288,Jessica,Miller
3289,William,Miller
3290,Emma,Miller
3291,Daniel,Miller
3292,Olivia,Miller
3293,James,Miller
3294,Sophia,Miller
3295,Matthew,Miller
3296,Ava,Miller
3297,Andrew,Miller
3298,Mia,Miller
3299,Christopher,Miller
3300,Isabella,Miller
3301,John,Davis
3302,Jane,Davis
3303,Michael,Davis
3304,Emily,Davis
3305,David,Davis
3306,Sarah,Davis
3307,Robert,Davis
3308,Jessica,Davis
3309,William,Davis
3310,Emma,Davis
3311,Daniel,Davis
3312,Olivia,Davis
3313,James,Davis
3314,Sophia,Davis
3315,Matthew,Davis
3316,Ava,Davis
3317,Andrew,Davis
3318,Mia,Davis
3319,Christopher,Davis
3320,Isabella,Davis
3321,John,Wilson
3322,Jane,Wilson
3323,Michael,Wilson
3324,Emily,Wilson
3325,David,Wilson
3326,Sarah,Wilson
3327,Robert,Wilson
3328,Jessica,Wilson
3329,William,Wilson
3330,Emma,Wilson
3331,Daniel,Wilson
3332,Olivia,Wilson
3333,James,Wilson
3334,Sophia,Wilson
3335,Matthew,Wilson
3336,Ava,Wilson
3337,Andrew,Wilson
3338,Mia,Wilson
3339,Christopher,Wilson
3340,Isabella,Wilson
3341,John,Moore
3342,Jane,Moore
3343,Michael,Moore
3344,Emily,Moore
3345,David,Moore
3346,Sarah,Moore
3347,Robert,Moore
3348,Jessica,Moore
3349,William,Moore
3350,Emma,Moore
3351,Daniel,Moore
3352,Olivia,Moore
3353,James,Moore
3354,Sophia,Moore
3355,Matthew,Moore
3356,Ava,Moore
3357,Andrew,Moore
3358,Mia,Moore
3359,Christopher,Moore
3360,Isabella,Moore
3361,John,Taylor
3362,Jane,Taylor
3363,Michael,Taylor
3364,Emily,Taylor
3365,David,Taylor
3366,Sarah,Taylor
3367,Robert,Taylor
3368,Jessica,Taylor
3369,William,Taylor
3370,Emma,Taylor
3371,Daniel,Taylor
3372,Olivia,Taylor
3373,James,Taylor
3374,Sophia,Taylor
3375,Matthew,Taylor
3376,Ava,Taylor
3377,Andrew,Taylor
3378,Mia,Taylor
3379,Christopher,Taylor
3380,Isabella,Taylor
3381,John,Anderson
3382,Jane,Anderson
3383,Michael,Anderson
3384,Emily,Anderson
3385,David,Anderson
3386,Sarah,Anderson
3387,Robert,Anderson
3388,Jessica,Anderson
3389,William,Anderson
3390,Emma,Anderson
3391,Daniel,Anderson
3392,Olivia,Anderson
3393,James,Anderson
3394,Sophia,Anderson
3395,Matthew,Anderson
3396,Ava,Anderson
3397,Andrew,Anderson
3398,Mia,Anderson
3399,Christopher,Anderson
3400,Isabella,Anderson
3401,John,Thomas
3402,Jane,Thomas
3403,Michael,Thomas
3404,Emily,Thomas
3405,David,Thomas
3406,Sarah,Thomas
3407,Robert,Thomas
3408,Jessica,Thomas
3409,William,Thomas
3410,Emma,Thomas
3411,Daniel,Thomas
3412,Olivia,Thomas
3413,James,Thomas
3414,Sophia,Thomas
3415,Matthew,Thomas
3416,Ava,Thomas
3417,Andrew,Thomas
3418,Mia,Thomas
3419,Christopher,Thomas
3420,Isabella,Thomas
3421,John,Jackson
3422,Jane,Jackson
3423,Michael,Jackson
3424,Emily,Jackson
3425,David,Jackson
3426,Sarah,Jackson
3427,Robert,Jackson
3428,Jessica,Jackson
3429,William,Jackson
3430,Emma,Jackson
3431,Daniel,Jackson
3432,Olivia,Jackson
3433,James,Jackson
3434,Sophia,Jackson
3435,Matthew,Jackson
3436,Ava,Jackson
3437,Andrew,Jackson
3438,Mia,Jackson
3439,Christopher,Jackson
3440,Isabella,Jackson
3441,John,White
3442,Jane,White
3443,Michael,White
3444,Emily,White
3445,David,White
3446,Sarah,White
3447,Robert,White
3448,Jessica,White
3449,William,White
3450,Emma,White
3451,Daniel,White
3452,Olivia,White
3453,James,White
3454,Sophia,White
3455,Matthew,White
3456,Ava,White
3457,Andrew,White
3458,Mia,White
3459,Christopher,White
3460,Isabella,White
3461,John,Harris
3462,Jane,Harris
3463,Michael,Harris
3464,Emily,Harris
3465,David,Harris
3466,Sarah,Harris
3467,Robert,Harris
3468,Jessica,Harris
3469,William,Harris
3470,Emma,Harris
3471,Daniel,Harris
3472,Olivia,Harris
3473,James,Harris
3474,Sophia,Harris
3475,Matthew,Harris
3476,Ava,Harris
3477,Andrew,Harris
3478,Mia,Harris
3479,Christopher,Harris
3480,Isabella,Harris
3481,John,Martin
3482,Jane,Martin
3483,Michael,Martin
3484,Emily,Martin
3485,David,Martin
3486,Sarah,Martin
3487,Robert,Martin
3488,Jessica,Martin
3489,William,Martin
3490,Emma,Martin
3491,Daniel,Martin
3492,Olivia,Martin
3493,James,Martin
3494,Sophia,Martin
3495,Matthew,Martin
3496,Ava,Martin
3497,Andrew,Martin
3498,Mia,Martin
3499,Christopher,Martin
3500,Isabella,Martin
3501,John,Thompson
3502,Jane,Thompson
3503,Michael,Thompson
3504,Emily,Thompson
3505,David,Thompson
3506,Sarah,Thompson
3507,Robert,Thompson
3508,Jessica,Thompson
3509,William,Thompson
3510,Emma,Thompson
3511,Daniel,Thompson
3512,Olivia,Thompson
3513,James,Thompson
3514,Sophia,Thompson
3515,Matthew,Thompson
3516,Ava,Thompson
3517,Andrew,Thompson
3518,Mia,Thompson
3519,Christopher,Thompson
3520,Isabella,Thompson
3521,John,Garcia
3522,Jane,Garcia
3523,Michael,Garcia
3524,Emily,Garcia
3525,David,Garcia
3526,Sarah,Garcia
3527,Robert,Garcia
3528,Jessica,Garcia
3529,William,Garcia
3530,Emma,Garcia
3531,Daniel,Garcia
3532,Olivia,Garcia
3533,James,Garcia
3534,Sophia,Garcia
3535,Matthew,Garcia
3536,Ava,Garcia
3537,Andrew,Garcia
3538,Mia,Garcia
3539,Christopher,Garcia
3540,Isabella,Garcia
3541,John,Martinez
3542,Jane,Martinez
3543,Michael,Martinez
3544,Emily,Martinez
3545,David,Martinez
3546,Sarah,Martinez
3547,Robert,Martinez
3548,Jessica,Martinez
3549,William,Martinez
3550,Emma,Martinez
3551,Daniel,Martinez
3552,Olivia,Martinez
3553,James,Martinez
3554,Sophia,Martinez
3555,Matthew,Martinez
3556,Ava,Martinez
3557,Andrew,Martinez
3558,Mia,Martinez
3559,Christopher,Martinez
3560,Isabella,Martinez
3561,John,Robinson
3562,Jane,Robinson
3563,Michael,Robinson
3564,Emily,Robinson
3565,David,Robinson
3566,Sarah,Robinson
3567,Robert,Robinson
3568,Jessica,Robinson
3569,William,Robinson
3570,Emma,Robinson
3571,Daniel,Robinson
3572,Olivia,Robinson
3573,James,Robinson
3574,Sophia,Robinson
3575,Matthew,Robinson
3576,Ava,Robinson
3577,Andrew,Robinson
3578,Mia,Robinson
3579,Christopher,Robinson
3580,Isabella,Robinson
3581,John,Clark
3582,Jane,Clark
3583,Michael,Clark
3584,Emily,Clark
3585,David,Clark
3586,Sarah,Clark
3587,Robert,Clark
3588,Jessica,Clark
3589,William,Clark
3590,Emma,Clark
3591,Daniel,Clark
3592,Olivia,Clark
3593,James,Clark
3594,Sophia,Clark
3595,Matthew,Clark
3596,Ava,Clark
3597,Andrew,Clark
3598,Mia,Clark
3599,Christopher,Clark
3600,Isabella,Clark
3601,John,Doe
3602,Jane,Doe
3603,Michael,Doe
3604,Emily,Doe
3605,David,Doe
3606,Sarah,Doe
3607,Robert,Doe
3608,Jessica,Doe
3609,William,Doe
3610,Emma,Doe
3611,Daniel,Doe
3612,Olivia,Doe
3613,James,Doe
3614,Sophia,Doe
3615,Matthew,Doe
3616,Ava,Doe
3617,Andrew,Doe
3618,Mia,Doe
3619,Christopher,Doe
3620,Isabella,Doe
3621,John,Smith
3622,Jane,Smith
3623,Michael,Smith
3624,Emily,Smith
3625,David,Smith
3626,Sarah,Smith
3627,Robert,Smith
3628,Jessica,Smith
3629,William,Smith
3630,Emma,Smith
3631,Daniel,Smith
3632,Olivia,Smith
3633,James,Smith
3634,Sophia,Smith
3635,Matthew,Smith
3636,Ava,Smith
3637,Andrew,Smith
3638,Mia,Smith
3639,Christopher,Smith
3640,Isabella,Smith
3641,John,Johnson
3642,Jane,Johnson
3643,Michael,Johnson
3644,Emily,Johnson
3645,David,Johnson
3646,Sarah,Johnson
3647,Robert,Johnson
3648,Jessica,Johnson
3649,William,Johnson
3650,Emma,Johnson
3651,Daniel,Johnson
3652,Olivia,Johnson
3653,James,Johnson
3654,Sophia,Johnson
3655,Matthew,Johnson
3656,Ava,Johnson
3657,Andrew,Johnson
3658,Mia,Johnson
3659,Christopher,Johnson
3660,Isabella,Johnson
3661,John,Brown
3662,Jane,Brown
3663,Michael,Brown
3664,Emily,Brown
3665,David,Brown
3666,Sarah,Brown
3667,Robert,Brown
3668,Jessica,Brown
3669,William,Brown
3670,Emma,Brown
3671,Daniel,Brown
3672,Olivia,Brown
3673,James,Brown
3674,Sophia,Brown
3675,Matthew,Brown
3676,Ava,Brown
3677,Andrew,Brown
3678,Mia,Brown
3679,Christopher,Brown
3680,Isabella,Brown
3681,John,Miller
3682,Jane,Miller
3683,Michael,Miller
3684,Emily,Miller
3685,David,Miller
3686,Sarah,Miller
3687,Robert,Miller
3688,Jessica,Miller
3689,William,Miller
3690,Emma,Miller
3691,Daniel,Miller
3692,Olivia,Miller
3693,James,Miller
3694,Sophia,Miller
3695,Matthew,Miller
3696,Ava,Miller
3697,Andrew,Miller
3698,Mia,Miller
3699,Christopher,Miller
3700,Isabella,Miller
3701,John,Davis
3702,Jane,Davis
3703,Michael,Davis
3704,Emily,Davis
3705,David,Davis
3706,Sarah,Davis
3707,Robert,Davis
3708,Jessica,Davis
3709,William,Davis
3710,Emma,Davis
3711,Daniel,Davis
3712,Olivia,Davis
3713,James,Davis
3714,Sophia,Davis
3715,Matthew,Davis
3716,Ava,Davis
3717,Andrew,Davis
3718,Mia,Davis
3719,Christopher,Davis
3720,Isabella,Davis
3721,John,Wilson
3722,Jane,Wilson
3723,Michael,Wilson
3724,Emily,Wilson
3725,David,Wilson
3726,Sarah,Wilson
3727,Robert,Wilson
3728,Jessica,Wilson
3729,William,Wilson
3730,Emma,Wilson
3731,Daniel,Wilson
3732,Olivia,Wilson
3733,James,Wilson
3734,Sophia,Wilson
3735,Matthew,Wilson
3736,Ava,Wilson
3737,Andrew,Wilson
3738,Mia,Wilson
3739,Christopher,Wilson
3740,Isabella,Wilson
3741,John,Moore
3742,Jane,Moore
3743,Michael,Moore
3744,Emily,Moore
3745,David,Moore
3746,Sarah,Moore
3747,Robert,Moore
3748,Jessica,Moore
3749,William,Moore
3750,Emma,Moore
3751,Daniel,Moore
3752,Olivia,Moore
3753,James,Moore
3754,Sophia,Moore
3755,Matthew,Moore
3756,Ava,Moore
3757,Andrew,Moore
3758,Mia,Moore
3759,Christopher,Moore
3760,Isabella,Moore
3761,John,Taylor
3762,Jane,Taylor
3763,Michael,Taylor
3764,Emily,Taylor
3765,David,Taylor
3766,Sarah,Taylor
3767,Robert,Taylor
3768,Jessica,Taylor
3769,William,Taylor
3770,Emma,Taylor
3771,Daniel,Taylor
3772,Olivia,Taylor
3773,James,Taylor
3774,Sophia,Taylor
3775,Matthew,Taylor
3776,Ava,Taylor
3777,Andrew,Taylor
3778,Mia,Taylor
3779,Christopher,Taylor
3780,Isabella,Taylor
3781,John,Anderson
3782,Jane,Anderson
3783,Michael,Anderson
3784,Emily,Anderson
3785,David,Anderson
3786,Sarah,Anderson
3787,Robert,Anderson
3788,Jessica,Anderson
3789,William,Anderson
3790,Emma,Anderson
3791,Daniel,Anderson
3792,Olivia,Anderson
3793,James,Anderson
3794,Sophia,Anderson
3795,Matthew,Anderson
3796,Ava,Anderson
3797,Andrew,Anderson
3798,Mia,Anderson
3799,Christopher,Anderson
3800,Isabella,Anderson
3801,John,Thomas
3802,Jane,Thomas
3803,Michael,Thomas
3804,Emily,Thomas
3805,David,Thomas
3806,Sarah,Thomas
3807,Robert,Thomas
3808,Jessica,Thomas
3809,William,Thomas
3810,Emma,Thomas
3811,Daniel,Thomas
3812,Olivia,Thomas
3813,James,Thomas
3814,Sophia,Thomas
3815,Matthew,Thomas
3816,Ava,Thomas
3817,Andrew,Thomas
3818,Mia,Thomas
3819,Christopher,Thomas
3820,Isabella,Thomas
3821,John,Jackson
3822,Jane,Jackson
3823,Michael,Jackson
3824,Emily,Jackson
3825,David,Jackson
3826,Sarah,Jackson
3827,Robert,Jackson
3828,Jessica,Jackson
3829,William,Jackson
3830,Emma,Jackson
3831,Daniel,Jackson
3832,Olivia,Jackson
3833,James,Jackson
3834,Sophia,Jackson
3835,Matthew,Jackson
3836,Ava,Jackson
3837,Andrew,Jackson
3838,Mia,Jackson
3839,Christopher,Jackson
3840,Isabella,Jackson
3841,John,White
3842,Jane,White
3843,Michael,White
3844,Emily,White
3845,David,White
3846,Sarah,White
3847,Robert,White
3848,Jessica,White
3849,William,White
3850,Emma,White
3851,Daniel,White
3852,Olivia,White
3853,James,White
3854,Sophia,White
3855,Matthew,White
3856,Ava,White
3857,Andrew,White
3858,Mia,White
3859,Christopher,White
3860,Isabella,White
3861,John,Harris
3862,Jane,Harris
3863,Michael,Harris
3864,Emily,Harris
3865,David,Harris
3866,Sarah,Harris
3867,Robert,Harris
3868,Jessica,Harris
3869,William,Harris
3870,Emma,Harris
3871,Daniel,Harris
3872,Olivia,Harris
3873,James,Harris
3874,Sophia,Harris
3875,Matthew,Harris
3876,Ava,Harris
3877,Andrew,Harris
3878,Mia,Harris
3879,Christopher,Harris
3880,Isabella,Harris
3881,John,Martin
3882,Jane,Martin
3883,Michael,Martin
3884,Emily,Martin
3885,David,Martin
3886,Sarah,Martin
3887,Robert,Martin
3888,Jessica,Martin
3889,William,Martin
3890,Emma,Martin
3891,Daniel,Martin
3892,Olivia,Martin
3893,James,Martin
3894,Sophia,Martin
3895,Matthew,Martin
3896,Ava,Martin
3897,Andrew,Martin
3898,Mia,Martin
3899,Christopher,Martin
3900,Isabella,Martin
3901,John,Thompson
3902,Jane,Thompson
3903,Michael,Thompson
3904,Emily,Thompson
3905,David,Thompson
3906,Sarah,Thompson
3907,Robert,Thompson
3908,Jessica,Thompson
3909,William,Thompson
3910,Emma,Thompson
3911,Daniel,Thompson
3912,Olivia,Thompson
3913,James,Thompson
3914,Sophia,Thompson
3915,Matthew,Thompson
3916,Ava,Thompson
3917,Andrew,Thompson
3918,Mia,Thompson
3919,Christopher,Thompson
3920,Isabella,Thompson
3921,John,Garcia
3922,Jane,Garcia
3923,Michael,Garcia
3924,Emily,Garcia
3925,David,Garcia
3926,Sarah,Garcia
3927,Robert,Garcia
3928,Jessica,Garcia
3929,William,Garcia
3930,Emma,Garcia
3931,Daniel,Garcia
3932,Olivia,Garcia
3933,James,Garcia
3934,Sophia,Garcia
3935,Matthew,Garcia
3936,Ava,Garcia
3937,Andrew,Garcia
3938,Mia,Garcia
3939,Christopher,Garcia
3940,Isabella,Garcia
3941,John,Martinez
3942,Jane,Martinez
3943,Michael,Martinez
3944,Emily,Martinez
3945,David,Martinez
3946,Sarah,Martinez
3947,Robert,Martinez
3948,Jessica,Martinez
3949,William,Martinez
3950,Emma,Martinez
3951,Daniel,Martinez
3952,Olivia,Martinez
3953,James,Martinez
3954,Sophia,Martinez
3955,Matthew,Martinez
3956,Ava,Martinez
3957,Andrew,Martinez
3958,Mia,Martinez
3959,Christopher,Martinez
3960,Isabella,Martinez
3961,John,Robinson
3962,Jane,Robinson
3963,Michael,Robinson
3964,Emily,Robinson
3965,David,Robinson
3966,Sarah,Robinson
3967,Robert,Robinson
3968,Jessica,Robinson
3969,William,Robinson
3970,Emma,Robinson
3971,Daniel,Robinson
3972,Olivia,Robinson
3973,James,Robinson
3974,Sophia,Robinson
3975,Matthew,Robinson
3976,Ava,Robinson
3977,Andrew,Robinson
3978,Mia,Robinson
3979,Christopher,Robinson
3980,Isabella,Robinson
3981,John,Clark
3982,Jane,Clark
3983,Michael,Clark
3984,Emily,Clark
3985,David,Clark
3986,Sarah,Clark
3987,Robert,Clark
3988,Jessica,Clark
3989,William,Clark
3990,Emma,Clark
3991,Daniel,Clark
3992,Olivia,Clark
3993,James,Clark
3994,Sophia,Clark
3995,Matthew,Clark
3996,Ava,Clark
3997,Andrew,Clark
3998,Mia,Clark
3999,Christopher,Clark
4000,Isabella,Clark
4001,John,Doe
4002,Jane,Doe
4003,Michael,Doe
4004,Emily,Doe
4005,David,Doe
4006,Sarah,Doe
4007,Robert,Doe
4008,Jessica,Doe
4009,William,Doe
4010,Emma,Doe
4011,Daniel,Doe
4012,Olivia,Doe
4013,James,Doe
4014,Sophia,Doe
4015,Matthew,Doe
4016,Ava,Doe
4017,Andrew,Doe
4018,Mia,Doe
4019,Christopher,Doe
4020,Isabella,Doe
4021,John,Smith
4022,Jane,Smith
4023,Michael,Smith
4024,Emily,Smith
4025,David,Smith
4026,Sarah,Smith
4027,Robert,Smith
4028,Jessica,Smith
4029,William,Smith
4030,Emma,Smith
4031,Daniel,Smith
4032,Olivia,Smith
4033,James,Smith
4034,Sophia,Smith
4035,Matthew,Smith
4036,Ava,Smith
4037,Andrew,Smith
4038,Mia,Smith
4039,Christopher,Smith
4040,Isabella,Smith
4041,John,Johnson
4042,Jane,Johnson
4043,Michael,Johnson
4044,Emily,Johnson
4045,David,Johnson
4046,Sarah,Johnson
4047,Robert,Johnson
4048,Jessica,Johnson
4049,William,Johnson
4050,Emma,Johnson
4051,Daniel,Johnson
4052,Olivia,Johnson
4053,James,Johnson
4054,Sophia,Johnson
4055,Matthew,Johnson
4056,Ava,Johnson
4057,Andrew,Johnson
4058,Mia,Johnson
4059,Christopher,Johnson
4060,Isabella,Johnson
4061,John,Brown
4062,Jane,Brown
4063,Michael,Brown
4064,Emily,Brown
4065,David,Brown
4066,Sarah,Brown
4067,Robert,Brown
4068,Jessica,Brown
4069,William,Brown
4070,Emma,Brown
4071,Daniel,Brown
4072,Olivia,Brown
4073,James,Brown
4074,Sophia,Brown
4075,Matthew,Brown
4076,Ava,Brown
4077,Andrew,Brown
4078,Mia,Brown
4079,Christopher,Brown
4080,Isabella,Brown
4081,John,Miller
4082,Jane,Miller
4083,Michael,Miller
4084,Emily,Miller
4085,David,Miller
4086,Sarah,Miller
4087,Robert,Miller
4088,Jessica,Miller
4089,William,Miller
4090,Emma,Miller
4091,Daniel,Miller
4092,Olivia,Miller
4093,James,Miller
4094,Sophia,Miller
4095,Matthew,Miller
4096,Ava,Miller
4097,Andrew,Miller
4098,Mia,Miller
4099,Christopher,Miller
4100,Isabella,Miller
4101,John,Davis
4102,Jane,Davis
4103,Michael,Davis
4104,Emily,Davis
4105,David,Davis
4106,Sarah,Davis
4107,Robert,Davis
4108,Jessica,Davis
4109,William,Davis
4110,Emma,Davis
4111,Daniel,Davis
4112,Olivia,Davis
4113,James,Davis
4114,Sophia,Davis
4115,Matthew,Davis
4116,Ava,Davis
4117,Andrew,Davis
4118,Mia,Davis
4119,Christopher,Davis
4120,Isabella,Davis
4121,John,Wilson
4122,Jane,Wilson
4123,Michael,Wilson
4124,Emily,Wilson
4125,David,Wilson
4126,Sarah,Wilson
4127,Robert,Wilson
4128,Jessica,Wilson
4129,William,Wilson
4130,Emma,Wilson
4131,Daniel,Wilson
4132,Olivia,Wilson
4133,James,Wilson
4134,Sophia,Wilson
4135,Matthew,Wilson
4136,Ava,Wilson
4137,Andrew,Wilson
4138,Mia,Wilson
4139,Christopher,Wilson
4140,Isabella,Wilson
4141,John,Moore
4142,Jane,Moore
4143,Michael,Moore
4144,Emily,Moore
4145,David,Moore
4146,Sarah,Moore
4147,Robert,Moore
4148,Jessica,Moore
4149,William,Moore
4150,Emma,Moore
4151,Daniel,Moore
4152,Olivia,Moore
4153,James,Moore
4154,Sophia,Moore
4155,Matthew,Moore
4156,Ava,Moore
4157,Andrew,Moore
4158,Mia,Moore
4159,Christopher,Moore
4160,Isabella,Moore
4161,John,Taylor
4162,Jane,Taylor
4163,Michael,Taylor
4164,Emily,Taylor
4165,David,Taylor
4166,Sarah,Taylor
4167,Robert,Taylor
4168,Jessica,Taylor
4169,William,Taylor
4170,Emma,Taylor
4171,Daniel,Taylor
4172,Olivia,Taylor
4173,James,Taylor
4174,Sophia,Taylor
4175,Matthew,Taylor
4176,Ava,Taylor
4177,Andrew,Taylor
4178,Mia,Taylor
4179,Christopher,Taylor
4180,Isabella,Taylor
4181,John,Anderson
4182,Jane,Anderson
4183,Michael,Anderson
4184,Emily,Anderson
4185,David,Anderson
4186,Sarah,Anderson
4187,Robert,Anderson
4188,Jessica,Anderson
4189,William,Anderson
4190,Emma,Anderson
4191,Daniel,Anderson
4192,Olivia,Anderson
4193,James,Anderson
4194,Sophia,Anderson
4195,Matthew,Anderson
4196,Ava,Anderson
4197,Andrew,Anderson
4198,Mia,Anderson
4199,Christopher,Anderson
4200,Isabella,Anderson
4201,John,Thomas
4202,Jane,Thomas
4203,Michael,Thomas
4204,Emily,Thomas
4205,David,Thomas
4206,Sarah,Thomas
4207,Robert,Thomas
4208,Jessica,Thomas
4209,William,Thomas
4210,Emma,Thomas
4211,Daniel,Thomas
4212,Olivia,Thomas
4213,James,Thomas
4214,Sophia,Thomas
4215,Matthew,Thomas
4216,Ava,Thomas
4217,Andrew,Thomas
4218,Mia,Thomas
4219,Christopher,Thomas
4220,Isabella,Thomas
4221,John,Jackson
4222,Jane,Jackson
4223,Michael,Jackson
4224,Emily,Jackson
4225,David,Jackson
4226,Sarah,Jackson
4227,Robert,Jackson
4228,Jessica,Jackson
4229,William,Jackson
4230,Emma,Jackson
4231,Daniel,Jackson
4232,Olivia,Jackson
4233,James,Jackson
4234,Sophia,Jackson
4235,Matthew,Jackson
4236,Ava,Jackson
4237,Andrew,Jackson
4238,Mia,Jackson
4239,Christopher,Jackson
4240,Isabella,Jackson
4241,John,White
4242,Jane,White
4243,Michael,White
4244,Emily,White
4245,David,White
4246,Sarah,White
4247,Robert,White
4248,Jessica,White
4249,William,White
4250,Emma,White
4251,Daniel,White
4252,Olivia,White
4253,James,White
4254,Sophia,White
4255,Matthew,White
4256,Ava,White
4257,Andrew,White
4258,Mia,White
4259,Christopher,White
4260,Isabella,White
4261,John,Harris
4262,Jane,Harris
4263,Michael,Harris
4264,Emily,Harris
4265,David,Harris
4266,Sarah,Harris
4267,Robert,Harris
4268,Jessica,Harris
4269,William,Harris
4270,Emma,Harris
4271,Daniel,Harris
4272,Olivia,Harris
4273,James,Harris
4274,Sophia,Harris
4275,Matthew,Harris
4276,Ava,Harris
4277,Andrew,Harris
4278,Mia,Harris
4279,Christopher,Harris
4280,Isabella,Harris
4281,John,Martin
4282,Jane,Martin
4283,Michael,Martin
4284,Emily,Martin
4285,David,Martin
4286,Sarah,Martin
4287,Robert,Martin
4288,Jessica,Martin
4289,William,Martin
4290,Emma,Martin
4291,Daniel,Martin
4292,Olivia,Martin
4293,James,Martin
4294,Sophia,Martin
4295,Matthew,Martin
4296,Ava,Martin
4297,Andrew,Martin
4298,Mia,Martin
4299,Christopher,Martin
4300,Isabella,Martin
4301,John,Thompson
4302,Jane,Thompson
4303,Michael,Thompson
4304,Emily,Thompson
4305,David,Thompson
4306,Sarah,Thompson
4307,Robert,Thompson
4308,Jessica,Thompson
4309,William,Thompson
4310,Emma,Thompson
4311,Daniel,Thompson
4312,Olivia,Thompson
4313,James,Thompson
4314,Sophia,Thompson
4315,Matthew,Thompson
4316,Ava,Thompson
4317,Andrew,Thompson
4318,Mia,Thompson
4319,Christopher,Thompson
4320,Isabella,Thompson
4321,John,Garcia
4322,Jane,Garcia
4323,Michael,Garcia
4324,Emily,Garcia
4325,David,Garcia
4326,Sarah,Garcia
4327,Robert,Garcia
4328,Jessica,Garcia
4329,William,Garcia
4330,Emma,Garcia
4331,Daniel,Garcia
4332,Olivia,Garcia
4333,James,Garcia
4334,Sophia,Garcia
4335,Matthew,Garcia
4336,Ava,Garcia
4337,Andrew,Garcia
4338,Mia,Garcia
4339,Christopher,Garcia
4340,Isabella,Garcia
4341,John,Martinez
4342,Jane,Martinez
4343,Michael,Martinez
4344,Emily,Martinez
4345,David,Martinez
4346,Sarah,Martinez
4347,Robert,Martinez
4348,Jessica,Martinez
4349,William,Martinez
4350,Emma,Martinez
4351,Daniel,Martinez
4352,Olivia,Martinez
4353,James,Martinez
4354,Sophia,Martinez
4355,Matthew,Martinez
4356,Ava,Martinez
4357,Andrew,Martinez
4358,Mia,Martinez
4359,Christopher,Martinez
4360,Isabella,Martinez
4361,John,Robinson
4362,Jane,Robinson
4363,Michael,Robinson
4364,Emily,Robinson
4365,David,Robinson
4366,Sarah,Robinson
4367,Robert,Robinson
4368,Jessica,Robinson
4369,William,Robinson
4370,Emma,Robinson
4371,Daniel,Robinson
4372,Olivia,Robinson
4373,James,Robinson
4374,Sophia,Robinson
4375,Matthew,Robinson
4376,Ava,Robinson
4377,Andrew,Robinson
4378,Mia,Robinson
4379,Christopher,Robinson
4380,Isabella,Robinson
4381,John,Clark
4382,Jane,Clark
4383,Michael,Clark
4384,Emily,Clark
4385,David,Clark
4386,Sarah,Clark
4387,Robert,Clark
4388,Jessica,Clark
4389,William,Clark
4390,Emma,Clark
4391,Daniel,Clark
4392,Olivia,Clark
4393,James,Clark
4394,Sophia,Clark
4395,Matthew,Clark
4396,Ava,Clark
4397,Andrew,Clark
4398,Mia,Clark
4399,Christopher,Clark
4400,Isabella,Clark
4401,John,Doe
4402,Jane,Doe
4403,Michael,Doe
4404,Emily,Doe
4405,David,Doe
4406,Sarah,Doe
4407,Robert,Doe
4408,Jessica,Doe
4409,William,Doe
4410,Emma,Doe
4411,Daniel,Doe
4412,Olivia,Doe
4413,James,Doe
4414,Sophia,Doe
4415,Matthew,Doe
4416,Ava,Doe
4417,Andrew,Doe
4418,Mia,Doe
4419,Christopher,Doe
4420,Isabella,Doe
4421,John,Smith
4422,Jane,Smith
4423,Michael,Smith
4424,Emily,Smith
4425,David,Smith
4426,Sarah,Smith
4427,Robert,Smith
4428,Jessica,Smith
4429,William,Smith
4430,Emma,Smith
4431,Daniel,Smith
4432,Olivia,Smith
4433,James,Smith
4434,Sophia,Smith
4435,Matthew,Smith
4436,Ava,Smith
4437,Andrew,Smith
4438,Mia,Smith
4439,Christopher,Smith
4440,Isabella,Smith
4441,John,Johnson
4442,Jane,Johnson
4443,Michael,Johnson
4444,Emily,Johnson
4445,David,Johnson
4446,Sarah,Johnson
4447,Robert,Johnson
4448,Jessica,Johnson
4449,William,Johnson
4450,Emma,Johnson
4451,Daniel,Johnson
4452,Olivia,Johnson
4453,James,Johnson
4454,Sophia,Johnson
4455,Matthew,Johnson
4456,Ava,Johnson
4457,Andrew,Johnson
4458,Mia,Johnson
4459,Christopher,Johnson
4460,Isabella,Johnson
4461,John,Brown
4462,Jane,Brown
4463,Michael,Brown
4464,Emily,Brown
4465,David,Brown
4466,Sarah,Brown
4467,Robert,Brown
4468,Jessica,Brown
4469,William,Brown
4470,Emma,Brown
4471,Daniel,Brown
4472,Olivia,Brown
4473,James,Brown
4474,Sophia,Brown
4475,Matthew,Brown
4476,Ava,Brown
4477,Andrew,Brown
4478,Mia,Brown
4479,Christopher,Brown
4480,Isabella,Brown
4481,John,Miller
4482,Jane,Miller
4483,Michael,Miller
4484,Emily,Miller
4485,David,Miller
4486,Sarah,Miller
4487,Robert,Miller
4488,Jessica,Miller
4489,William,Miller
4490,Emma,Miller
4491,Daniel,Miller
4492,Olivia,Miller
4493,James,Miller
4494,Sophia,Miller
4495,Matthew,Miller
4496,Ava,Miller
4497,Andrew,Miller
4498,Mia,Miller
4499,Christopher,Miller
4500,Isabella,Miller
4501,John,Davis
4502,Jane,Davis
4503,Michael,Davis
4504,Emily,Davis
4505,David,Davis
4506,Sarah,Davis
4507,Robert,Davis
4508,Jessica,Davis
4509,William,Davis
4510,Emma,Davis
4511,Daniel,Davis
4512,Olivia,Davis
4513,James,Davis
4514,Sophia,Davis
4515,Matthew,Davis
4516,Ava,Davis
4517,Andrew,Davis
4518,Mia,Davis
4519,Christopher,Davis
4520,Isabella,Davis
4521,John,Wilson
4522,Jane,Wilson
4523,Michael,Wilson
4524,Emily,Wilson
4525,David,Wilson
4526,Sarah,Wilson
4527,Robert,Wilson
4528,Jessica,Wilson
4529,William,Wilson
4530,Emma,Wilson
4531,Daniel,Wilson
4532,Olivia,Wilson
4533,James,Wilson
4534,Sophia,Wilson
4535,Matthew,Wilson
4536,Ava,Wilson
4537,Andrew,Wilson
4538,Mia,Wilson
4539,Christopher,Wilson
4540,Isabella,Wilson
4541,John,Moore
4542,Jane,Moore
4543,Michael,Moore
4544,Emily,Moore
4545,David,Moore
4546,Sarah,Moore
4547,Robert,Moore
4548,Jessica,Moore
4549,William,Moore
4550,Emma,Moore
4551,Daniel,Moore
4552,Olivia,Moore
4553,James,Moore
4554,Sophia,Moore
4555,Matthew,Moore
4556,Ava,Moore
4557,Andrew,Moore
4558,Mia,Moore
4559,Christopher,Moore
4560,Isabella,Moore
4561,John,Taylor
4562,Jane,Taylor
4563,Michael,Taylor
4564,Emily,Taylor
4565,David,Taylor
4566,Sarah,Taylor
4567,Robert,Taylor
4568,Jessica,Taylor
4569,William,Taylor
4570,Emma,Taylor
4571,Daniel,Taylor
4572,Olivia,Taylor
4573,James,Taylor
4574,Sophia,Taylor
4575,Matthew,Taylor
4576,Ava,Taylor
4577,Andrew,Taylor
4578,Mia,Taylor
4579,Christopher,Taylor
4580,Isabella,Taylor
4581,John,Anderson
4582,Jane,Anderson
4583,Michael,Anderson
4584,Emily,Anderson
4585,David,Anderson
4586,Sarah,Anderson
4587,Robert,Anderson
4588,Jessica,Anderson
4589,William,Anderson
4590,Emma,Anderson
4591,Daniel,Anderson
4592,Olivia,Anderson
4593,James,Anderson
4594,Sophia,Anderson
4595,Matthew,Anderson
4596,Ava,Anderson
4597,Andrew,Anderson
4598,Mia,Anderson
4599,Christopher,Anderson
4600,Isabella,Anderson
4601,John,Thomas
4602,Jane,Thomas
4603,Michael,Thomas
4604,Emily,Thomas
4605,David,Thomas
4606,Sarah,Thomas
4607,Robert,Thomas
4608,Jessica,Thomas
4609,William,Thomas
4610,Emma,Thomas
4611,Daniel,Thomas
4612,Olivia,Thomas
4613,James,Thomas
4614,Sophia,Thomas
4615,Matthew,Thomas
4616,Ava,Thomas
4617,Andrew,Thomas
4618,Mia,Thomas
4619,Christopher,Thomas
4620,Isabella,Thomas
4621,John,Jackson
4622,Jane,Jackson
4623,Michael,Jackson
4624,Emily,Jackson
4625,David,Jackson
4626,Sarah,Jackson
4627,Robert,Jackson
4628,Jessica,Jackson
4629,William,Jackson
4630,Emma,Jackson
4631,Daniel,Jackson
4632,Olivia,Jackson
4633,James,Jackson
4634,Sophia,Jackson
4635,Matthew,Jackson
4636,Ava,Jackson
4637,Andrew,Jackson
4638,Mia,Jackson
4639,Christopher,Jackson
4640,Isabella,Jackson
4641,John,White
4642,Jane,White
4643,Michael,White
4644,Emily,White
4645,David,White
4646,Sarah,White
4647,Robert,White
4648,Jessica,White
4649,William,White
4650,Emma,White
4651,Daniel,White
4652,Olivia,White
4653,James,White
4654,Sophia,White
4655,Matthew,White
4656,Ava,White
4657,Andrew,White
4658,Mia,White
4659,Christopher,White
4660,Isabella,White
4661,John,Harris
4662,Jane,Harris
4663,Michael,Harris
4664,Emily,Harris
4665,David,Harris
4666,Sarah,Harris
4667,Robert,Harris
4668,Jessica,Harris
4669,William,Harris
4670,Emma,Harris
4671,Daniel,Harris
4672,Olivia,Harris
4673,James,Harris
4674,Sophia,Harris
4675,Matthew,Harris
4676,Ava,Harris
4677,Andrew,Harris
4678,Mia,Harris
4679,Christopher,Harris
4680,Isabella,Harris
4681,John,Martin
4682,Jane,Martin
4683,Michael,Martin
4684,Emily,Martin
4685,David,Martin
4686,Sarah,Martin
4687,Robert,Martin
4688,Jessica,Martin
4689,William,Martin
4690,Emma,Martin
4691,Daniel,Martin
4692,Olivia,Martin
4693,James,Martin
4694,Sophia,Martin
4695,Matthew,Martin
4696,Ava,Martin
4697,Andrew,Martin
4698,Mia,Martin
4699,Christopher,Martin
4700,Isabella,Martin
4701,John,Thompson
4702,Jane,Thompson
4703,Michael,Thompson
4704,Emily,Thompson
4705,David,Thompson
4706,Sarah,Thompson
4707,Robert,Thompson
4708,Jessica,Thompson
4709,William,Thompson
4710,Emma,Thompson
4711,Daniel,Thompson
4712,Olivia,Thompson
4713,James,Thompson
4714,Sophia,Thompson
4715,Matthew,Thompson
4716,Ava,Thompson
4717,Andrew,Thompson
4718,Mia,Thompson
4719,Christopher,Thompson
4720,Isabella,Thompson
4721,John,Garcia
4722,Jane,Garcia
4723,Michael,Garcia
4724,Emily,Garcia
4725,David,Garcia
4726,Sarah,Garcia
4727,Robert,Garcia
4728,Jessica,Garcia
4729,William,Garcia
4730,Emma,Garcia
4731,Daniel,Garcia
4732,Olivia,Garcia
4733,James,Garcia
4734,Sophia,Garcia
4735,Matthew,Garcia
4736,Ava,Garcia
4737,Andrew,Garcia
4738,Mia,Garcia
4739,Christopher,Garcia
4740,Isabella,Garcia
4741,John,Martinez
4742,Jane,Martinez
4743,Michael,Martinez
4744,Emily,Martinez
4745,David,Martinez
4746,Sarah,Martinez
4747,Robert,Martinez
4748,Jessica,Martinez
4749,William,Martinez
4750,Emma,Martinez
4751,Daniel,Martinez
4752,Olivia,Martinez
4753,James,Martinez
4754,Sophia,Martinez
4755,Matthew,Martinez
4756,Ava,Martinez
4757,Andrew,Martinez
4758,Mia,Martinez
4759,Christopher,Martinez
4760,Isabella,Martinez
4761,John,Robinson
4762,Jane,Robinson
4763,Michael,Robinson
4764,Emily,Robinson
4765,David,Robinson
4766,Sarah,Robinson
4767,Robert,Robinson
4768,Jessica,Robinson
4769,William,Robinson
4770,Emma,Robinson
4771,Daniel,Robinson
4772,Olivia,Robinson
4773,James,Robinson
4774,Sophia,Robinson
4775,Matthew,Robinson
4776,Ava,Robinson
4777,Andrew,Robinson
4778,Mia,Robinson
4779,Christopher,Robinson
4780,Isabella,Robinson
4781,John,Clark
4782,Jane,Clark
4783,Michael,Clark
4784,Emily,Clark
4785,David,Clark
4786,Sarah,Clark
4787,Robert,Clark
4788,Jessica,Clark
4789,William,Clark
4790,Emma,Clark
4791,Daniel,Clark
4792,Olivia,Clark
4793,James,Clark
4794,Sophia,Clark
4795,Matthew,Clark
4796,Ava,Clark
4797,Andrew,Clark
4798,Mia,Clark
4799,Christopher,Clark
4800,Isabella,Clark
4801,John,Doe
4802,Jane,Doe
4803,Michael,Doe
4804,Emily,Doe
4805,David,Doe
4806,Sarah,Doe
4807,Robert,Doe
4808,Jessica,Doe
4809,William,Doe
4810,Emma,Doe
4811,Daniel,Doe
4812,Olivia,Doe
4813,James,Doe
4814,Sophia,Doe
4815,Matthew,Doe
4816,Ava,Doe
4817,Andrew,Doe
4818,Mia,Doe
4819,Christopher,Doe
4820,Isabella,Doe
4821,John,Smith
4822,Jane,Smith
4823,Michael,Smith
4824,Emily,Smith
4825,David,Smith
4826,Sarah,Smith
4827,Robert,Smith
4828,Jessica,Smith
4829,William,Smith
4830,Emma,Smith
4831,Daniel,Smith
4832,Olivia,Smith
4833,James,Smith
4834,Sophia,Smith
4835,Matthew,Smith
4836,Ava,Smith
4837,Andrew,Smith
4838,Mia,Smith
4839,Christopher,Smith
4840,Isabella,Smith
4841,John,Johnson
4842,Jane,Johnson
4843,Michael,Johnson
4844,Emily,Johnson
4845,David,Johnson
4846,Sarah,Johnson
4847,Robert,Johnson
4848,Jessica,Johnson
4849,William,Johnson
4850,Emma,Johnson
4851,Daniel,Johnson
4852,Olivia,Johnson
4853,James,Johnson
4854,Sophia,Johnson
4855,Matthew,Johnson
4856,Ava,Johnson
4857,Andrew,Johnson
4858,Mia,Johnson
4859,Christopher,Johnson
4860,Isabella,Johnson
4861,John,Brown
4862,Jane,Brown
4863,Michael,Brown
4864,Emily,Brown
4865,David,Brown
4866,Sarah,Brown
4867,Robert,Brown
4868,Jessica,Brown
4869,William,Brown
4870,Emma,Brown
4871,Daniel,Brown
4872,Olivia,Brown
4873,James,Brown
4874,Sophia,Brown
4875,Matthew,Brown
4876,Ava,Brown
4877,Andrew,Brown
4878,Mia,Brown
4879,Christopher,Brown
4880,Isabella,Brown
4881,John,Miller
4882,Jane,Miller
4883,Michael,Miller
4884,Emily,Miller
4885,David,Miller
4886,Sarah,Miller
4887,Robert,Miller
4888,Jessica,Miller
4889,William,Miller
4890,Emma,Miller
4891,Daniel,Miller
4892,Olivia,Miller
4893,James,Miller
4894,Sophia,Miller
4895,Matthew,Miller
4896,Ava,Miller
4897,Andrew,Miller
4898,Mia,Miller
4899,Christopher,Miller
4900,Isabella,Miller
4901,John,Davis
4902,Jane,Davis
4903,Michael,Davis
4904,Emily,Davis
4905,David,Davis
4906,Sarah,Davis
4907,Robert,Davis
4908,Jessica,Davis
4909,William,Davis
4910,Emma,Davis
4911,Daniel,Davis
4912,Olivia,Davis
4913,James,Davis
4914,Sophia,Davis
4915,Matthew,Davis
4916,Ava,Davis
4917,Andrew,Davis
4918,Mia,Davis
4919,Christopher,Davis
4920,Isabella,Davis
4921,John,Wilson
4922,Jane,Wilson
4923,Michael,Wilson
4924,Emily,Wilson
4925,David,Wilson
4926,Sarah,Wilson
4927,Robert,Wilson
4928,Jessica,Wilson
4929,William,Wilson
4930,Emma,Wilson
4931,Daniel,Wilson
4932,Olivia,Wilson
4933,James,Wilson
4934,Sophia,Wilson
4935,Matthew,Wilson
4936,Ava,Wilson
4937,Andrew,Wilson
4938,Mia,Wilson
4939,Christopher,Wilson
4940,Isabella,Wilson
4941,John,Moore
4942,Jane,Moore
4943,Michael,Moore
4944,Emily,Moore
4945,David,Moore
4946,Sarah,Moore
4947,Robert,Moore
4948,Jessica,Moore
4949,William,Moore
4950,Emma,Moore
4951,Daniel,Moore
4952,Olivia,Moore
4953,James,Moore
4954,Sophia,Moore
4955,Matthew,Moore
4956,Ava,Moore
4957,Andrew,Moore
4958,Mia,Moore
4959,Christopher,Moore
4960,Isabella,Moore
4961,John,Taylor
4962,Jane,Taylor
4963,Michael,Taylor
4964,Emily,Taylor
4965,David,Taylor
4966,Sarah,Taylor
4967,Robert,Taylor
4968,Jessica,Taylor
4969,William,Taylor
4970,Emma,Taylor
4971,Daniel,Taylor
4972,Olivia,Taylor
4973,James,Taylor
4974,Sophia,Taylor
4975,Matthew,Taylor
4976,Ava,Taylor
4977,Andrew,Taylor
4978,Mia,Taylor
4979,Christopher,Taylor
4980,Isabella,Taylor
4981,John,Anderson
4982,Jane,Anderson
4983,Michael,Anderson
4984,Emily,Anderson
4985,David,Anderson
4986,Sarah,Anderson
4987,Robert,Anderson
4988,Jessica,Anderson
4989,William,Anderson
4990,Emma,Anderson
4991,Daniel,Anderson
4992,Olivia,Anderson
4993,James,Anderson
4994,Sophia,Anderson
4995,Matthew,Anderson
4996,Ava,Anderson
4997,Andrew,Anderson
4998,Mia,Anderson
4999,Christopher,Anderson
5000,Isabella,Anderson
5001,John,Thomas
5002,Jane,Thomas
5003,Michael,Thomas
5004,Emily,Thomas
5005,David,Thomas
5006,Sarah,Thomas
5007,Robert,Thomas
5008,Jessica,Thomas
5009,William,Thomas
5010,Emma,Thomas
5011,Daniel,Thomas
5012,Olivia,Thomas
5013,James,Thomas
5014,Sophia,Thomas
5015,Matthew,Thomas
5016,Ava,Thomas
5017,Andrew,Thomas
5018,Mia,Thomas
5019,Christopher,Thomas
5020,Isabella,Thomas
5021,John,Jackson
5022,Jane,Jackson
5023,Michael,Jackson
5024,Emily,Jackson
5025,David,Jackson
5026,Sarah,Jackson
5027,Robert,Jackson
5028,Jessica,Jackson
5029,William,Jackson
5030,Emma,Jackson
5031,Daniel,Jackson
5032,Olivia,Jackson
5033,James,Jackson
5034,Sophia,Jackson
5035,Matthew,Jackson
5036,Ava,Jackson
5037,Andrew,Jackson
5038,Mia,Jackson
5039,Christopher,Jackson
5040,Isabella,Jackson
5041,John,White
5042,Jane,White
5043,Michael,White
5044,Emily,White
5045,David,White
5046,Sarah,White
5047,Robert,White
5048,Jessica,White
5049,William,White
5050,Emma,White
5051,Daniel,White
5052,Olivia,White
5053,James,White
5054,Sophia,White
5055,Matthew,White
5056,Ava,White
5057,Andrew,White
5058,Mia,White
5059,Christopher,White
5060,Isabella,White
5061,John,Harris
5062,Jane,Harris
5063,Michael,Harris
5064,Emily,Harris
5065,David,Harris
5066,Sarah,Harris
5067,Robert,Harris
5068,Jessica,Harris
5069,William,Harris
5070,Emma,Harris
5071,Daniel,Harris
5072,Olivia,Harris
5073,James,Harris
5074,Sophia,Harris
5075,Matthew,Harris
5076,Ava,Harris
5077,Andrew,Harris
5078,Mia,Harris
5079,Christopher,Harris
5080,Isabella,Harris
5081,John,Martin
5082,Jane,Martin
5083,Michael,Martin
5084,Emily,Martin
5085,David,Martin
5086,Sarah,Martin
5087,Robert,Martin
5088,Jessica,Martin
5089,William,Martin
5090,Emma,Martin
5091,Daniel,Martin
5092,Olivia,Martin
5093,James,Martin
5094,Sophia,Martin
5095,Matthew,Martin
5096,Ava,Martin
5097,Andrew,Martin
5098,Mia,Martin
5099,Christopher,Martin
5100,Isabella,Martin
5101,John,Thompson
5102,Jane,Thompson
5103,Michael,Thompson
5104,Emily,Thompson
5105,David,Thompson
5106,Sarah,Thompson
5107,Robert,Thompson
5108,Jessica,Thompson
5109,William,Thompson
5110,Emma,Thompson
5111,Daniel,Thompson
5112,Olivia,Thompson
5113,James,Thompson
5114,Sophia,Thompson
5115,Matthew,Thompson
5116,Ava,Thompson
5117,Andrew,Thompson
5118,Mia,Thompson
5119,Christopher,Thompson
5120,Isabella,Thompson
5121,John,Garcia
5122,Jane,Garcia
5123,Michael,Garcia
5124,Emily,Garcia
5125,David,Garcia
5126,Sarah,Garcia
5127,Robert,Garcia
5128,Jessica,Garcia
5129,William,Garcia
5130,Emma,Garcia
5131,Daniel,Garcia
5132,Olivia,Garcia
5133,James,Garcia
5134,Sophia,Garcia
5135,Matthew,Garcia
5136,Ava,Garcia
5137,Andrew,Garcia
5138,Mia,Garcia
5139,Christopher,Garcia
5140,Isabella,Garcia
5141,John,Martinez
5142,Jane,Martinez
5143,Michael,Martinez
5144,Emily,Martinez
5145,David,Martinez
5146,Sarah,Martinez
5147,Robert,Martinez
5148,Jessica,Martinez
5149,William,Martinez
5150,Emma,Martinez
5151,Daniel,Martinez
5152,Olivia,Martinez
5153,James,Martinez
5154,Sophia,Martinez
5155,Matthew,Martinez
5156,Ava,Martinez
5157,Andrew,Martinez
5158,Mia,Martinez
5159,Christopher,Martinez
5160,Isabella,Martinez
5161,John,Robinson
5162,Jane,Robinson
5163,Michael,Robinson
5164,Emily,Robinson
5165,David,Robinson
5166,Sarah,Robinson
5167,Robert,Robinson
5168,Jessica,Robinson
5169,William,Robinson
5170,Emma,Robinson
5171,Daniel,Robinson
5172,Olivia,Robinson
5173,James,Robinson
5174,Sophia,Robinson
5175,Matthew,Robinson
5176,Ava,Robinson
5177,Andrew,Robinson
5178,Mia,Robinson
5179,Christopher,Robinson
5180,Isabella,Robinson
5181,John,Clark
5182,Jane,Clark
5183,Michael,Clark
5184,Emily,Clark
5185,David,Clark
5186,Sarah,Clark
5187,Robert,Clark
5188,Jessica,Clark
5189,William,Clark
5190,Emma,Clark
5191,Daniel,Clark
5192,Olivia,Clark
5193,James,Clark
5194,Sophia,Clark
5195,Matthew,Clark
5196,Ava,Clark
5197,Andrew,Clark
5198,Mia,Clark
5199,Christopher,Clark
5200,Isabella,Clark
5201,John,Doe
5202,Jane,Doe
5203,Michael,Doe
5204,Emily,Doe
5205,David,Doe
5206,Sarah,Doe
5207,Robert,Doe
5208,Jessica,Doe
5209,William,Doe
5210,Emma,Doe
5211,Daniel,Doe
5212,Olivia,Doe
5213,James,Doe
5214,Sophia,Doe
5215,Matthew,Doe
5216,Ava,Doe
5217,Andrew,Doe
5218,Mia,Doe
5219,Christopher,Doe
5220,Isabella,Doe
5221,John,Smith
5222,Jane,Smith
5223,Michael,Smith
5224,Emily,Smith
5225,David,Smith
5226,Sarah,Smith
5227,Robert,Smith
5228,Jessica,Smith
5229,William,Smith
5230,Emma,Smith
5231,Daniel,Smith
5232,Olivia,Smith
5233,James,Smith
5234,Sophia,Smith
5235,Matthew,Smith
5236,Ava,Smith
5237,Andrew,Smith
5238,Mia,Smith
5239,Christopher,Smith
5240,Isabella,Smith
5241,John,Johnson
5242,Jane,Johnson
5243,Michael,Johnson
5244,Emily,Johnson
5245,David,Johnson
5246,Sarah,Johnson
5247,Robert,Johnson
5248,Jessica,Johnson
5249,William,Johnson
5250,Emma,Johnson
5251,Daniel,Johnson
5252,Olivia,Johnson
5253,James,Johnson
5254,Sophia,Johnson
5255,Matthew,Johnson
5256,Ava,Johnson
5257,Andrew,Johnson
5258,Mia,Johnson
5259,Christopher,Johnson
5260,Isabella,Johnson
5261,John,Brown
5262,Jane,Brown
5263,Michael,Brown
5264,Emily,Brown
5265,David,Brown
5266,Sarah,Brown
5267,Robert,Brown
5268,Jessica,Brown
5269,William,Brown
5270,Emma,Brown
5271,Daniel,Brown
5272,Olivia,Brown
5273,James,Brown
5274,Sophia,Brown
5275,Matthew,Brown
5276,Ava,Brown
5277,Andrew,Brown
5278,Mia,Brown
5279,Christopher,Brown
5280,Isabella,Brown
5281,John,Miller
5282,Jane,Miller
5283,Michael,Miller
5284,Emily,Miller
5285,David,Miller
5286,Sarah,Miller
5287,Robert,Miller
5288,Jessica,Miller
5289,William,Miller
5290,Emma,Miller
5291,Daniel,Miller
5292,Olivia,Miller
5293,James,Miller
5294,Sophia,Miller
5295,Matthew,Miller
5296,Ava,Miller
5297,Andrew,Miller
5298,Mia,Miller
5299,Christopher,Miller
5300,Isabella,Miller
5301,John,Davis
5302,Jane,Davis
5303,Michael,Davis
5304,Emily,Davis
5305,David,Davis
5306,Sarah,Davis
5307,Robert,Davis
5308,Jessica,Davis
5309,William,Davis
5310,Emma,Davis
5311,Daniel,Davis
5312,Olivia,Davis
5313,James,Davis
5314,Sophia,Davis
5315,Matthew,Davis
5316,Ava,Davis
5317,Andrew,Davis
5318,Mia,Davis
5319,Christopher,Davis
5320,Isabella,Davis
5321,John,Wilson
5322,Jane,Wilson
5323,Michael,Wilson
5324,Emily,Wilson
5325,David,Wilson
5326,Sarah,Wilson
5327,Robert,Wilson
5328,Jessica,Wilson
5329,William,Wilson
5330,Emma,Wilson
5331,Daniel,Wilson
5332,Olivia,Wilson
5333,James,Wilson
5334,Sophia,Wilson
5335,Matthew,Wilson
5336,Ava,Wilson
5337,Andrew,Wilson
5338,Mia,Wilson
5339,Christopher,Wilson
5340,Isabella,Wilson
5341,John,Moore
5342,Jane,Moore
5343,Michael,Moore
5344,Emily,Moore
5345,David,Moore
5346,Sarah,Moore
5347,Robert,Moore
5348,Jessica,Moore
5349,William,Moore
5350,Emma,Moore
5351,Daniel,Moore
5352,Olivia,Moore
5353,James,Moore
5354,Sophia,Moore
5355,Matthew,Moore
5356,Ava,Moore
5357,Andrew,Moore
5358,Mia,Moore
5359,Christopher,Moore
5360,Isabella,Moore
5361,John,Taylor
5362,Jane,Taylor
5363,Michael,Taylor
5364,Emily,Taylor
5365,David,Taylor
5366,Sarah,Taylor
5367,Robert,Taylor
5368,Jessica,Taylor
5369,William,Taylor
5370,Emma,Taylor
5371,Daniel,Taylor
5372,Olivia,Taylor
5373,James,Taylor
5374,Sophia,Taylor
5375,Matthew,Taylor
5376,Ava,Taylor
5377,Andrew,Taylor
5378,Mia,Taylor
5379,Christopher,Taylor
5380,Isabella,Taylor
5381,John,Anderson
5382,Jane,Anderson
5383,Michael,Anderson
5384,Emily,Anderson
5385,David,Anderson
5386,Sarah,Anderson
5387,Robert,Anderson
5388,Jessica,Anderson
5389,William,Anderson
5390,Emma,Anderson
5391,Daniel,Anderson
5392,Olivia,Anderson
5393,James,Anderson
5394,Sophia,Anderson
5395,Matthew,Anderson
5396,Ava,Anderson
5397,Andrew,Anderson
5398,Mia,Anderson
5399,Christopher,Anderson
5400,Isabella,Anderson
5401,John,Thomas
5402,Jane,Thomas
5403,Michael,Thomas
5404,Emily,Thomas
5405,David,Thomas
5406,Sarah,Thomas
5407,Robert,Thomas
5408,Jessica,Thomas
5409,William,Thomas
5410,Emma,Thomas
5411,Daniel,Thomas
5412,Olivia,Thomas
5413,James,Thomas
5414,Sophia,Thomas
5415,Matthew,Thomas
5416,Ava,Thomas
5417,Andrew,Thomas
5418,Mia,Thomas
5419,Christopher,Thomas
5420,Isabella,Thomas
5421,John,Jackson
5422,Jane,Jackson
5423,Michael,Jackson
5424,Emily,Jackson
5425,David,Jackson
5426,Sarah,Jackson
5427,Robert,Jackson
5428,Jessica,Jackson
5429,William,Jackson
5430,Emma,Jackson
5431,Daniel,Jackson
5432,Olivia,Jackson
5433,James,Jackson
5434,Sophia,Jackson
5435,Matthew,Jackson
5436,Ava,Jackson
5437,Andrew,Jackson
5438,Mia,Jackson
5439,Christopher,Jackson
5440,Isabella,Jackson
5441,John,White
5442,Jane,White
5443,Michael,White
5444,Emily,White
5445,David,White
5446,Sarah,White
5447,Robert,White
5448,Jessica,White
5449,William,White
5450,Emma,White
5451,Daniel,White
5452,Olivia,White
5453,James,White
5454,Sophia,White
5455,Matthew,White
5456,Ava,White
5457,Andrew,White
5458,Mia,White
5459,Christopher,White
5460,Isabella,White
5461,John,Harris
5462,Jane,Harris
5463,Michael,Harris
5464,Emily,Harris
5465,David,Harris
5466,Sarah,Harris
5467,Robert,Harris
5468,Jessica,Harris
5469,William,Harris
5470,Emma,Harris
5471,Daniel,Harris
5472,Olivia,Harris
5473,James,Harris
5474,Sophia,Harris
5475,Matthew,Harris
5476,Ava,Harris
5477,Andrew,Harris
5478,Mia,Harris
5479,Christopher,Harris
5480,Isabella,Harris
5481,John,Martin
5482,Jane,Martin
5483,Michael,Martin
5484,Emily,Martin
5485,David,Martin
5486,Sarah,Martin
5487,Robert,Martin
5488,Jessica,Martin
5489,William,Martin
5490,Emma,Martin
5491,Daniel,Martin
5492,Olivia,Martin
5493,James,Martin
5494,Sophia,Martin
5495,Matthew,Martin
5496,Ava,Martin
5497,Andrew,Martin
5498,Mia,Martin
5499,Christopher,Martin
5500,Isabella,Martin
5501,John,Thompson
5502,Jane,Thompson
5503,Michael,Thompson
5504,Emily,Thompson
5505,David,Thompson
5506,Sarah,Thompson
5507,Robert,Thompson
5508,Jessica,Thompson
5509,William,Thompson
5510,Emma,Thompson
5511,Daniel,Thompson
5512,Olivia,Thompson
5513,James,Thompson
5514,Sophia,Thompson
5515,Matthew,Thompson
5516,Ava,Thompson
5517,Andrew,Thompson
5518,Mia,Thompson
5519,Christopher,Thompson
5520,Isabella,Thompson
5521,John,Garcia
5522,Jane,Garcia
5523,Michael,Garcia
5524,Emily,Garcia
5525,David,Garcia
5526,Sarah,Garcia
5527,Robert,Garcia
5528,Jessica,Garcia
5529,William,Garcia
5530,Emma,Garcia
5531,Daniel,Garcia
5532,Olivia,Garcia
5533,James,Garcia
5534,Sophia,Garcia
5535,Matthew,Garcia
5536,Ava,Garcia
5537,Andrew,Garcia
5538,Mia,Garcia
5539,Christopher,Garcia
5540,Isabella,Garcia
5541,John,Martinez
5542,Jane,Martinez
5543,Michael,Martinez
5544,Emily,Martinez
5545,David,Martinez
5546,Sarah,Martinez
5547,Robert,Martinez
5548,Jessica,Martinez
5549,William,Martinez
5550,Emma,Martinez
5551,Daniel,Martinez
5552,Olivia,Martinez
5553,James,Martinez
5554,Sophia,Martinez
5555,Matthew,Martinez
5556,Ava,Martinez
5557,Andrew,Martinez
5558,Mia,Martinez
5559,Christopher,Martinez
5560,Isabella,Martinez
5561,John,Robinson
5562,Jane,Robinson
5563,Michael,Robinson
5564,Emily,Robinson
5565,David,Robinson
5566,Sarah,Robinson
5567,Robert,Robinson
5568,Jessica,Robinson
5569,William,Robinson
5570,Emma,Robinson
5571,Daniel,Robinson
5572,Olivia,Robinson
5573,James,Robinson
5574,Sophia,Robinson
5575,Matthew,Robinson
5576,Ava,Robinson
5577,Andrew,Robinson
5578,Mia,Robinson
5579,Christopher,Robinson
5580,Isabella,Robinson
5581,John,Clark
5582,Jane,Clark
5583,Michael,Clark
5584,Emily,Clark
5585,David,Clark
5586,Sarah,Clark
5587,Robert,Clark
5588,Jessica,Clark
5589,William,Clark
5590,Emma,Clark
5591,Daniel,Clark
5592,Olivia,Clark
5593,James,Clark
5594,Sophia,Clark
5595,Matthew,Clark
5596,Ava,Clark
5597,Andrew,Clark
5598,Mia,Clark
5599,Christopher,Clark
5600,Isabella,Clark
5601,John,Doe
5602,Jane,Doe
5603,Michael,Doe
5604,Emily,Doe
5605,David,Doe
5606,Sarah,Doe
5607,Robert,Doe
5608,Jessica,Doe
5609,William,Doe
5610,Emma,Doe
5611,Daniel,Doe
5612,Olivia,Doe
5613,James,Doe
5614,Sophia,Doe
5615,Matthew,Doe
5616,Ava,Doe
5617,Andrew,Doe
5618,Mia,Doe
5619,Christopher,Doe
5620,Isabella,Doe
5621,John,Smith
5622,Jane,Smith
5623,Michael,Smith
5624,Emily,Smith
5625,David,Smith
5626,Sarah,Smith
5627,Robert,Smith
5628,Jessica,Smith
5629,William,Smith
5630,Emma,Smith
5631,Daniel,Smith
5632,Olivia,Smith
5633,James,Smith
5634,Sophia,Smith
5635,Matthew,Smith
5636,Ava,Smith
5637,Andrew,Smith
5638,Mia,Smith
5639,Christopher,Smith
5640,Isabella,Smith
5641,John,Johnson
5642,Jane,Johnson
5643,Michael,Johnson
5644,Emily,Johnson
5645,David,Johnson
5646,Sarah,Johnson
5647,Robert,Johnson
5648,Jessica,Johnson
5649,William,Johnson
5650,Emma,Johnson
5651,Daniel,Johnson
5652,Olivia,Johnson
5653,James,Johnson
5654,Sophia,Johnson
5655,Matthew,Johnson
5656,Ava,Johnson
5657,Andrew,Johnson
5658,Mia,Johnson
5659,Christopher,Johnson
5660,Isabella,Johnson
5661,John,Brown
5662,Jane,Brown
5663,Michael,Brown
5664,Emily,Brown
5665,David,Brown
5666,Sarah,Brown
5667,Robert,Brown
5668,Jessica,Brown
5669,William,Brown
5670,Emma,Brown
5671,Daniel,Brown
5672,Olivia,Brown
5673,James,Brown
5674,Sophia,Brown
5675,Matthew,Brown
5676,Ava,Brown
5677,Andrew,Brown
5678,Mia,Brown
5679,Christopher,Brown
5680,Isabella,Brown
5681,John,Miller
5682,Jane,Miller
5683,Michael,Miller
5684,Emily,Miller
5685,David,Miller
5686,Sarah,Miller
5687,Robert,Miller
5688,Jessica,Miller
5689,William,Miller
5690,Emma,Miller
5691,Daniel,Miller
5692,Olivia,Miller
5693,James,Miller
5694,Sophia,Miller
5695,Matthew,Miller
5696,Ava,Miller
5697,Andrew,Miller
5698,Mia,Miller
5699,Christopher,Miller
5700,Isabella,Miller
5701,John,Davis
5702,Jane,Davis
5703,Michael,Davis
5704,Emily,Davis
5705,David,Davis
5706,Sarah,Davis
5707,Robert,Davis
5708,Jessica,Davis
5709,William,Davis
5710,Emma,Davis
5711,Daniel,Davis
5712,Olivia,Davis
5713,James,Davis
5714,Sophia,Davis
5715,Matthew,Davis
5716,Ava,Davis
5717,Andrew,Davis
5718,Mia,Davis
5719,Christopher,Davis
5720,Isabella,Davis
5721,John,Wilson
5722,Jane,Wilson
5723,Michael,Wilson
5724,Emily,Wilson
5725,David,Wilson
5726,Sarah,Wilson
5727,Robert,Wilson
5728,Jessica,Wilson
5729,William,Wilson
5730,Emma,Wilson
5731,Daniel,Wilson
5732,Olivia,Wilson
5733,James,Wilson
5734,Sophia,Wilson
5735,Matthew,Wilson
5736,Ava,Wilson
5737,Andrew,Wilson
5738,Mia,Wilson
5739,Christopher,Wilson
5740,Isabella,Wilson
5741,John,Moore
5742,Jane,Moore
5743,Michael,Moore
5744,Emily,Moore
5745,David,Moore
5746,Sarah,Moore
5747,Robert,Moore
5748,Jessica,Moore
5749,William,Moore
5750,Emma,Moore
5751,Daniel,Moore
5752,Olivia,Moore
5753,James,Moore
5754,Sophia,Moore
5755,Matthew,Moore
5756,Ava,Moore
5757,Andrew,Moore
5758,Mia,Moore
5759,Christopher,Moore
5760,Isabella,Moore
5761,John,Taylor
5762,Jane,Taylor
5763,Michael,Taylor
5764,Emily,Taylor
5765,David,Taylor
5766,Sarah,Taylor
5767,Robert,Taylor
5768,Jessica,Taylor
5769,William,Taylor
5770,Emma,Taylor
5771,Daniel,Taylor
5772,Olivia,Taylor
5773,James,Taylor
5774,Sophia,Taylor
5775,Matthew,Taylor
5776,Ava,Taylor
5777,Andrew,Taylor
5778,Mia,Taylor
5779,Christopher,Taylor
5780,Isabella,Taylor
5781,John,Anderson
5782,Jane,Anderson
5783,Michael,Anderson
5784,Emily,Anderson
5785,David,Anderson
5786,Sarah,Anderson
5787,Robert,Anderson
5788,Jessica,Anderson
5789,William,Anderson
5790,Emma,Anderson
5791,Daniel,Anderson
5792,Olivia,Anderson
5793,James,Anderson
5794,Sophia,Anderson
5795,Matthew,Anderson
5796,Ava,Anderson
5797,Andrew,Anderson
5798,Mia,Anderson
5799,Christopher,Anderson
5800,Isabella,Anderson
5801,John,Thomas
5802,Jane,Thomas
5803,Michael,Thomas
5804,Emily,Thomas
5805,David,Thomas
5806,Sarah,Thomas
5807,Robert,Thomas
5808,Jessica,Thomas
5809,William,Thomas
5810,Emma,Thomas
5811,Daniel,Thomas
5812,Olivia,Thomas
5813,James,Thomas
5814,Sophia,Thomas
5815,Matthew,Thomas
5816,Ava,Thomas
5817,Andrew,Thomas
5818,Mia,Thomas
5819,Christopher,Thomas
5820,Isabella,Thomas
5821,John,Jackson
5822,Jane,Jackson
5823,Michael,Jackson
5824,Emily,Jackson
5825,David,Jackson
5826,Sarah,Jackson
5827,Robert,Jackson
5828,Jessica,Jackson
5829,William,Jackson
5830,Emma,Jackson
5831,Daniel,Jackson
5832,Olivia,Jackson
5833,James,Jackson
5834,Sophia,Jackson
5835,Matthew,Jackson
5836,Ava,Jackson
5837,Andrew,Jackson
5838,Mia,Jackson
5839,Christopher,Jackson
5840,Isabella,Jackson
5841,John,White
5842,Jane,White
5843,Michael,White
5844,Emily,White
5845,David,White
5846,Sarah,White
5847,Robert,White
5848,Jessica,White
5849,William,White
5850,Emma,White
5851,Daniel,White
5852,Olivia,White
5853,James,White
5854,Sophia,White
5855,Matthew,White
5856,Ava,White
5857,Andrew,White
5858,Mia,White
5859,Christopher,White
5860,Isabella,White
5861,John,Harris
5862,Jane,Harris
5863,Michael,Harris
5864,Emily,Harris
5865,David,Harris
5866,Sarah,Harris
5867,Robert,Harris
5868,Jessica,Harris
5869,William,Harris
5870,Emma,Harris
5871,Daniel,Harris
5872,Olivia,Harris
5873,James,Harris
5874,Sophia,Harris
5875,Matthew,Harris
5876,Ava,Harris
5877,Andrew,Harris
5878,Mia,Harris
5879,Christopher,Harris
5880,Isabella,Harris
5881,John,Martin
5882,Jane,Martin
5883,Michael,Martin
5884,Emily,Martin
5885,David,Martin
5886,Sarah,Martin
5887,Robert,Martin
5888,Jessica,Martin
5889,William,Martin
5890,Emma,Martin
5891,Daniel,Martin
5892,Olivia,Martin
5893,James,Martin
5894,Sophia,Martin
5895,Matthew,Martin
5896,Ava,Martin
5897,Andrew,Martin
5898,Mia,Martin
5899,Christopher,Martin
5900,Isabella,Martin
5901,John,Thompson
5902,Jane,Thompson
5903,Michael,Thompson
5904,Emily,Thompson
5905,David,Thompson
5906,Sarah,Thompson
5907,Robert,Thompson
5908,Jessica,Thompson
5909,William,Thompson
5910,Emma,Thompson
5911,Daniel,Thompson
5912,Olivia,Thompson
5913,James,Thompson
5914,Sophia,Thompson
5915,Matthew,Thompson
5916,Ava,Thompson
5917,Andrew,Thompson
5918,Mia,Thompson
5919,Christopher,Thompson
5920,Isabella,Thompson
5921,John,Garcia
5922,Jane,Garcia
5923,Michael,Garcia
5924,Emily,Garcia
5925,David,Garcia
5926,Sarah,Garcia
5927,Robert,Garcia
5928,Jessica,Garcia
5929,William,Garcia
5930,Emma,Garcia
5931,Daniel,Garcia
5932,Olivia,Garcia
5933,James,Garcia
5934,Sophia,Garcia
5935,Matthew,Garcia
5936,Ava,Garcia
5937,Andrew,Garcia
5938,Mia,Garcia
5939,Christopher,Garcia
5940,Isabella,Garcia
5941,John,Martinez
5942,Jane,Martinez
5943,Michael,Martinez
5944,Emily,Martinez
5945,David,Martinez
5946,Sarah,Martinez
5947,Robert,Martinez
5948,Jessica,Martinez
5949,William,Martinez
5950,Emma,Martinez
5951,Daniel,Martinez
5952,Olivia,Martinez
5953,James,Martinez
5954,Sophia,Martinez
5955,Matthew,Martinez
5956,Ava,Martinez
5957,Andrew,Martinez
5958,Mia,Martinez
5959,Christopher,Martinez
5960,Isabella,Martinez
5961,John,Robinson
5962,Jane,Robinson
5963,Michael,Robinson
5964,Emily,Robinson
5965,David,Robinson
5966,Sarah,Robinson
5967,Robert,Robinson
5968,Jessica,Robinson
5969,William,Robinson
5970,Emma,Robinson
5971,Daniel,Robinson
5972,Olivia,Robinson
5973,James,Robinson
5974,Sophia,Robinson
5975,Matthew,Robinson
5976,Ava,Robinson
5977,Andrew,Robinson
5978,Mia,Robinson
5979,Christopher,Robinson
5980,Isabella,Robinson
5981,John,Clark
5982,Jane,Clark
5983,Michael,Clark
5984,Emily,Clark
5985,David,Clark
5986,Sarah,Clark
5987,Robert,Clark
5988,Jessica,Clark
5989,William,Clark
5990,Emma,Clark
5991,Daniel,Clark
5992,Olivia,Clark
5993,James,Clark
5994,Sophia,Clark
5995,Matthew,Clark
5996,Ava,Clark
5997,Andrew,Clark
5998,Mia,Clark
5999,Christopher,Clark
6000,Isabella,Clark
6001,John,Doe
6002,Jane,Doe
6003,Michael,Doe
6004,Emily,Doe
6005,David,Doe
6006,Sarah,Doe
6007,Robert,Doe
6008,Jessica,Doe
6009,William,Doe
6010,Emma,Doe
6011,Daniel,Doe
6012,Olivia,Doe
6013,James,Doe
6014,Sophia,Doe
6015,Matthew,Doe
6016,Ava,Doe
6017,Andrew,Doe
6018,Mia,Doe
6019,Christopher,Doe
6020,Isabella,Doe
6021,John,Smith
6022,Jane,Smith
6023,Michael,Smith
6024,Emily,Smith
6025,David,Smith
6026,Sarah,Smith
6027,Robert,Smith
6028,Jessica,Smith
6029,William,Smith
6030,Emma,Smith
6031,Daniel,Smith
6032,Olivia,Smith
6033,James,Smith
6034,Sophia,Smith
6035,Matthew,Smith
6036,Ava,Smith
6037,Andrew,Smith
6038,Mia,Smith
6039,Christopher,Smith
6040,Isabella,Smith
6041,John,Johnson
6042,Jane,Johnson
6043,Michael,Johnson
6044,Emily,Johnson
6045,David,Johnson
6046,Sarah,Johnson
6047,Robert,Johnson
6048,Jessica,Johnson
6049,William,Johnson
6050,Emma,Johnson
6051,Daniel,Johnson
6052,Olivia,Johnson
6053,James,Johnson
6054,Sophia,Johnson
6055,Matthew,Johnson
6056,Ava,Johnson
6057,Andrew,Johnson
6058,Mia,Johnson
6059,Christopher,Johnson
6060,Isabella,Johnson
6061,John,Brown
6062,Jane,Brown
6063,Michael,Brown
6064,Emily,Brown
6065,David,Brown
6066,Sarah,Brown
6067,Robert,Brown
6068,Jessica,Brown
6069,William,Brown
6070,Emma,Brown
6071,Daniel,Brown
6072,Olivia,Brown
6073,James,Brown
6074,Sophia,Brown
6075,Matthew,Brown
6076,Ava,Brown
6077,Andrew,Brown
6078,Mia,Brown
6079,Christopher,Brown
6080,Isabella,Brown
6081,John,Miller
6082,Jane,Miller
6083,Michael,Miller
6084,Emily,Miller
6085,David,Miller
6086,Sarah,Miller
6087,Robert,Miller
6088,Jessica,Miller
6089,William,Miller
6090,Emma,Miller
6091,Daniel,Miller
6092,Olivia,Miller
6093,James,Miller
6094,Sophia,Miller
6095,Matthew,Miller
6096,Ava,Miller
6097,Andrew,Miller
6098,Mia,Miller
6099,Christopher,Miller
6100,Isabella,Miller
6101,John,Davis
6102,Jane,Davis
6103,Michael,Davis
6104,Emily,Davis
6105,David,Davis
6106,Sarah,Davis
6107,Robert,Davis
6108,Jessica,Davis
6109,William,Davis
6110,Emma,Davis
6111,Daniel,Davis
6112,Olivia,Davis
6113,James,Davis
6114,Sophia,Davis
6115,Matthew,Davis
6116,Ava,Davis
6117,Andrew,Davis
6118,Mia,Davis
6119,Christopher,Davis
6120,Isabella,Davis
6121,John,Wilson
6122,Jane,Wilson
6123,Michael,Wilson
6124,Emily,Wilson
6125,David,Wilson
6126,Sarah,Wilson
6127,Robert,Wilson
6128,Jessica,Wilson
6129,William,Wilson
6130,Emma,Wilson
6131,Daniel,Wilson
6132,Olivia,Wilson
6133,James,Wilson
6134,Sophia,Wilson
6135,Matthew,Wilson
6136,Ava,Wilson
6137,Andrew,Wilson
6138,Mia,Wilson
6139,Christopher,Wilson
6140,Isabella,Wilson
6141,John,Moore
6142,Jane,Moore
6143,Michael,Moore
6144,Emily,Moore
6145,David,Moore
6146,Sarah,Moore
6147,Robert,Moore
6148,Jessica,Moore
6149,William,Moore
6150,Emma,Moore
6151,Daniel,Moore
6152,Olivia,Moore
6153,James,Moore
6154,Sophia,Moore
6155,Matthew,Moore
6156,Ava,Moore
6157,Andrew,Moore
6158,Mia,Moore
6159,Christopher,Moore
6160,Isabella,Moore
6161,John,Taylor
6162,Jane,Taylor
6163,Michael,Taylor
6164,Emily,Taylor
6165,David,Taylor
6166,Sarah,Taylor
6167,Robert,Taylor
6168,Jessica,Taylor
6169,William,Taylor
6170,Emma,Taylor
6171,Daniel,Taylor
6172,Olivia,Taylor
6173,James,Taylor
6174,Sophia,Taylor
6175,Matthew,Taylor
6176,Ava,Taylor
6177,Andrew,Taylor
6178,Mia,Taylor
6179,Christopher,Taylor
6180,Isabella,Taylor
6181,John,Anderson
6182,Jane,Anderson
6183,Michael,Anderson
6184,Emily,Anderson
6185,David,Anderson
6186,Sarah,Anderson
6187,Robert,Anderson
6188,Jessica,Anderson
6189,William,Anderson
6190,Emma,Anderson
6191,Daniel,Anderson
6192,Olivia,Anderson
6193,James,Anderson
6194,Sophia,Anderson
6195,Matthew,Anderson
6196,Ava,Anderson
6197,Andrew,Anderson
6198,Mia,Anderson
6199,Christopher,Anderson
6200,Isabella,Anderson
6201,John,Thomas
6202,Jane,Thomas
6203,Michael,Thomas
6204,Emily,Thomas
6205,David,Thomas
6206,Sarah,Thomas
6207,Robert,Thomas
6208,Jessica,Thomas
6209,William,Thomas
6210,Emma,Thomas
6211,Daniel,Thomas
6212,Olivia,Thomas
6213,James,Thomas
6214,Sophia,Thomas
6215,Matthew,Thomas
6216,Ava,Thomas
6217,Andrew,Thomas
6218,Mia,Thomas
6219,Christopher,Thomas
6220,Isabella,Thomas
6221,John,Jackson
6222,Jane,Jackson
6223,Michael,Jackson
6224,Emily,Jackson
6225,David,Jackson
6226,Sarah,Jackson
6227,Robert,Jackson
6228,Jessica,Jackson
6229,William,Jackson
6230,Emma,Jackson
6231,Daniel,Jackson
6232,Olivia,Jackson
6233,James,Jackson
6234,Sophia,Jackson
6235,Matthew,Jackson
6236,Ava,Jackson
6237,Andrew,Jackson
6238,Mia,Jackson
6239,Christopher,Jackson
6240,Isabella,Jackson
6241,John,White
6242,Jane,White
6243,Michael,White
6244,Emily,White
6245,David,White
6246,Sarah,White
6247,Robert,White
6248,Jessica,White
6249,William,White
6250,Emma,White
6251,Daniel,White
6252,Olivia,White
6253,James,White
6254,Sophia,White
6255,Matthew,White
6256,Ava,White
6257,Andrew,White
6258,Mia,White
6259,Christopher,White
6260,Isabella,White
6261,John,Harris
6262,Jane,Harris
6263,Michael,Harris
6264,Emily,Harris
6265,David,Harris
6266,Sarah,Harris
6267,Robert,Harris
6268,Jessica,Harris
6269,William,Harris
6270,Emma,Harris
6271,Daniel,Harris
6272,Olivia,Harris
6273,James,Harris
6274,Sophia,Harris
6275,Matthew,Harris
6276,Ava,Harris
6277,Andrew,Harris
6278,Mia,Harris
6279,Christopher,Harris
6280,Isabella,Harris
6281,John,Martin
6282,Jane,Martin
6283,Michael,Martin
6284,Emily,Martin
6285,David,Martin
6286,Sarah,Martin
6287,Robert,Martin
6288,Jessica,Martin
6289,William,Martin
6290,Emma,Martin
6291,Daniel,Martin
6292,Olivia,Martin
6293,James,Martin
6294,Sophia,Martin
6295,Matthew,Martin
6296,Ava,Martin
6297,Andrew,Martin
6298,Mia,Martin
6299,Christopher,Martin
6300,Isabella,Martin
6301,John,Thompson
6302,Jane,Thompson
6303,Michael,Thompson
6304,Emily,Thompson
6305,David,Thompson
6306,Sarah,Thompson
6307,Robert,Thompson
6308,Jessica,Thompson
6309,William,Thompson
6310,Emma,Thompson
6311,Daniel,Thompson
6312,Olivia,Thompson
6313,James,Thompson
6314,Sophia,Thompson
6315,Matthew,Thompson
6316,Ava,Thompson
6317,Andrew,Thompson
6318,Mia,Thompson
6319,Christopher,Thompson
6320,Isabella,Thompson
6321,John,Garcia
6322,Jane,Garcia
6323,Michael,Garcia
6324,Emily,Garcia
6325,David,Garcia
6326,Sarah,Garcia
6327,Robert,Garcia
6328,Jessica,Garcia
6329,William,Garcia
6330,Emma,Garcia
6331,Daniel,Garcia
6332,Olivia,Garcia
6333,James,Garcia
6334,Sophia,Garcia
6335,Matthew,Garcia
6336,Ava,Garcia
6337,Andrew,Garcia
6338,Mia,Garcia
6339,Christopher,Garcia
6340,Isabella,Garcia
6341,John,Martinez
6342,Jane,Martinez
6343,Michael,Martinez
6344,Emily,Martinez
6345,David,Martinez
6346,Sarah,Martinez
6347,Robert,Martinez
6348,Jessica,Martinez
6349,William,Martinez
6350,Emma,Martinez
6351,Daniel,Martinez
6352,Olivia,Martinez
6353,James,Martinez
6354,Sophia,Martinez
6355,Matthew,Martinez
6356,Ava,Martinez
6357,Andrew,Martinez
6358,Mia,Martinez
6359,Christopher,Martinez
6360,Isabella,Martinez
6361,John,Robinson
6362,Jane,Robinson
6363,Michael,Robinson
6364,Emily,Robinson
6365,David,Robinson
6366,Sarah,Robinson
6367,Robert,Robinson
6368,Jessica,Robinson
6369,William,Robinson
6370,Emma,Robinson
6371,Daniel,Robinson
6372,Olivia,Robinson
6373,James,Robinson
6374,Sophia,Robinson
6375,Matthew,Robinson
6376,Ava,Robinson
6377,Andrew,Robinson
6378,Mia,Robinson
6379,Christopher,Robinson
6380,Isabella,Robinson
6381,John,Clark
6382,Jane,Clark
6383,Michael,Clark
6384,Emily,Clark
6385,David,Clark
6386,Sarah,Clark
6387,Robert,Clark
6388,Jessica,Clark
6389,William,Clark
6390,Emma,Clark
6391,Daniel,Clark
6392,Olivia,Clark
6393,James,Clark
6394,Sophia,Clark
6395,Matthew,Clark
6396,Ava,Clark
6397,Andrew,Clark
6398,Mia,Clark
6399,Christopher,Clark
6400,Isabella,Clark
6401,John,Doe
6402,Jane,Doe
6403,Michael,Doe
6404,Emily,Doe
6405,David,Doe
6406,Sarah,Doe
6407,Robert,Doe
6408,Jessica,Doe
6409,William,Doe
6410,Emma,Doe
6411,Daniel,Doe
6412,Olivia,Doe
6413,James,Doe
6414,Sophia,Doe
6415,Matthew,Doe
6416,Ava,Doe
6417,Andrew,Doe
6418,Mia,Doe
6419,Christopher,Doe
6420,Isabella,Doe
6421,John,Smith
6422,Jane,Smith
6423,Michael,Smith
6424,Emily,Smith
6425,David,Smith
6426,Sarah,Smith
6427,Robert,Smith
6428,Jessica,Smith
6429,William,Smith
6430,Emma,Smith
6431,Daniel,Smith
6432,Olivia,Smith
6433,James,Smith
6434,Sophia,Smith
6435,Matthew,Smith
6436,Ava,Smith
6437,Andrew,Smith
6438,Mia,Smith
6439,Christopher,Smith
6440,Isabella,Smith
6441,John,Johnson
6442,Jane,Johnson
6443,Michael,Johnson
6444,Emily,Johnson
6445,David,Johnson
6446,Sarah,Johnson
6447,Robert,Johnson
6448,Jessica,Johnson
6449,William,Johnson
6450,Emma,Johnson
6451,Daniel,Johnson
6452,Olivia,Johnson
6453,James,Johnson
6454,Sophia,Johnson
6455,Matthew,Johnson
6456,Ava,Johnson
6457,Andrew,Johnson
6458,Mia,Johnson
6459,Christopher,Johnson
6460,Isabella,Johnson
6461,John,Brown
6462,Jane,Brown
6463,Michael,Brown
6464,Emily,Brown
6465,David,Brown
6466,Sarah,Brown
6467,Robert,Brown
6468,Jessica,Brown
6469,William,Brown
6470,Emma,Brown
6471,Daniel,Brown
6472,Olivia,Brown
6473,James,Brown
6474,Sophia,Brown
6475,Matthew,Brown
6476,Ava,Brown
6477,Andrew,Brown
6478,Mia,Brown
6479,Christopher,Brown
6480,Isabella,Brown
6481,John,Miller
6482,Jane,Miller
6483,Michael,Miller
6484,Emily,Miller
6485,David,Miller
6486,Sarah,Miller
6487,Robert,Miller
6488,Jessica,Miller
6489,William,Miller
6490,Emma,Miller
6491,Daniel,Miller
6492,Olivia,Miller
6493,James,Miller
6494,Sophia,Miller
6495,Matthew,Miller
6496,Ava,Miller
6497,Andrew,Miller
6498,Mia,Miller
6499,Christopher,Miller
6500,Isabella,Miller
6501,John,Davis
6502,Jane,Davis
6503,Michael,Davis
6504,Emily,Davis
6505,David,Davis
6506,Sarah,Davis
6507,Robert,Davis
6508,Jessica,Davis
6509,William,Davis
6510,Emma,Davis
6511,Daniel,Davis
6512,Olivia,Davis
6513,James,Davis
6514,Sophia,Davis
6515,Matthew,Davis
6516,Ava,Davis
6517,Andrew,Davis
6518,Mia,Davis
6519,Christopher,Davis
6520,Isabella,Davis
6521,John,Wilson
6522,Jane,Wilson
6523,Michael,Wilson
6524,Emily,Wilson
6525,David,Wilson
6526,Sarah,Wilson
6527,Robert,Wilson
6528,Jessica,Wilson
6529,William,Wilson
6530,Emma,Wilson
6531,Daniel,Wilson
6532,Olivia,Wilson
6533,James,Wilson
6534,Sophia,Wilson
6535,Matthew,Wilson
6536,Ava,Wilson
6537,Andrew,Wilson
6538,Mia,Wilson
6539,Christopher,Wilson
6540,Isabella,Wilson
6541,John,Moore
6542,Jane,Moore
6543,Michael,Moore
6544,Emily,Moore
6545,David,Moore
6546,Sarah,Moore
6547,Robert,Moore
6548,Jessica,Moore
6549,William,Moore
6550,Emma,Moore
6551,Daniel,Moore
6552,Olivia,Moore
6553,James,Moore
6554,Sophia,Moore
6555,Matthew,Moore
6556,Ava,Moore
6557,Andrew,Moore
6558,Mia,Moore
6559,Christopher,Moore
6560,Isabella,Moore
6561,John,Taylor
6562,Jane,Taylor
6563,Michael,Taylor
6564,Emily,Taylor
6565,David,Taylor
6566,Sarah,Taylor
6567,Robert,Taylor
6568,Jessica,Taylor
6569,William,Taylor
6570,Emma,Taylor
6571,Daniel,Taylor
6572,Olivia,Taylor
6573,James,Taylor
6574,Sophia,Taylor
6575,Matthew,Taylor
6576,Ava,Taylor
6577,Andrew,Taylor
6578,Mia,Taylor
6579,Christopher,Taylor
6580,Isabella,Taylor
6581,John,Anderson
6582,Jane,Anderson
6583,Michael,Anderson
6584,Emily,Anderson
6585,David,Anderson
6586,Sarah,Anderson
6587,Robert,Anderson
6588,Jessica,Anderson
6589,William,Anderson
6590,Emma,Anderson
6591,Daniel,Anderson
6592,Olivia,Anderson
6593,James,Anderson
6594,Sophia,Anderson
6595,Matthew,Anderson
6596,Ava,Anderson
6597,Andrew,Anderson
6598,Mia,Anderson
6599,Christopher,Anderson
6600,Isabella,Anderson
6601,John,Thomas
6602,Jane,Thomas
6603,Michael,Thomas
6604,Emily,Thomas
6605,David,Thomas
6606,Sarah,Thomas
6607,Robert,Thomas
6608,Jessica,Thomas
6609,William,Thomas
6610,Emma,Thomas
6611,Daniel,Thomas
6612,Olivia,Thomas
6613,James,Thomas
6614,Sophia,Thomas
6615,Matthew,Thomas
6616,Ava,Thomas
6617,Andrew,Thomas
6618,Mia,Thomas
6619,Christopher,Thomas
6620,Isabella,Thomas
6621,John,Jackson
6622,Jane,Jackson
6623,Michael,Jackson
6624,Emily,Jackson
6625,David,Jackson
6626,Sarah,Jackson
6627,Robert,Jackson
6628,Jessica,Jackson
6629,William,Jackson
6630,Emma,Jackson
6631,Daniel,Jackson
6632,Olivia,Jackson
6633,James,Jackson
6634,Sophia,Jackson
6635,Matthew,Jackson
6636,Ava,Jackson
6637,Andrew,Jackson
6638,Mia,Jackson
6639,Christopher,Jackson
6640,Isabella,Jackson
6641,John,White
6642,Jane,White
6643,Michael,White
6644,Emily,White
6645,David,White
6646,Sarah,White
6647,Robert,White
6648,Jessica,White
6649,William,White
6650,Emma,White
6651,Daniel,White
6652,Olivia,White
6653,James,White
6654,Sophia,White
6655,Matthew,White
6656,Ava,White
6657,Andrew,White
6658,Mia,White
6659,Christopher,White
6660,Isabella,White
6661,John,Harris
6662,Jane,Harris
6663,Michael,Harris
6664,Emily,Harris
6665,David,Harris
6666,Sarah,Harris
6667,Robert,Harris
6668,Jessica,Harris
6669,William,Harris
6670,Emma,Harris
6671,Daniel,Harris
6672,Olivia,Harris
6673,James,Harris
6674,Sophia,Harris
6675,Matthew,Harris
6676,Ava,Harris
6677,Andrew,Harris
6678,Mia,Harris
6679,Christopher,Harris
6680,Isabella,Harris
6681,John,Martin
6682,Jane,Martin
6683,Michael,Martin
6684,Emily,Martin
6685,David,Martin
6686,Sarah,Martin
6687,Robert,Martin
6688,Jessica,Martin
6689,William,Martin
6690,Emma,Martin
6691,Daniel,Martin
6692,Olivia,Martin
6693,James,Martin
6694,Sophia,Martin
6695,Matthew,Martin
6696,Ava,Martin
6697,Andrew,Martin
6698,Mia,Martin
6699,Christopher,Martin
6700,Isabella,Martin
6701,John,Thompson
6702,Jane,Thompson
6703,Michael,Thompson
6704,Emily,Thompson
6705,David,Thompson
6706,Sarah,Thompson
6707,Robert,Thompson
6708,Jessica,Thompson
6709,William,Thompson
6710,Emma,Thompson
6711,Daniel,Thompson
6712,Olivia,Thompson
6713,James,Thompson
6714,Sophia,Thompson
6715,Matthew,Thompson
6716,Ava,Thompson
6717,Andrew,Thompson
6718,Mia,Thompson
6719,Christopher,Thompson
6720,Isabella,Thompson
6721,John,Garcia
6722,Jane,Garcia
6723,Michael,Garcia
6724,Emily,Garcia
6725,David,Garcia
6726,Sarah,Garcia
6727,Robert,Garcia
6728,Jessica,Garcia
6729,William,Garcia
6730,Emma,Garcia
6731,Daniel,Garcia
6732,Olivia,Garcia
6733,James,Garcia
6734,Sophia,Garcia
6735,Matthew,Garcia
6736,Ava,Garcia
6737,Andrew,Garcia
6738,Mia,Garcia
6739,Christopher,Garcia
6740,Isabella,Garcia
6741,John,Martinez
6742,Jane,Martinez
6743,Michael,Martinez
6744,Emily,Martinez
6745,David,Martinez
6746,Sarah,Martinez
6747,Robert,Martinez
6748,Jessica,Martinez
6749,William,Martinez
6750,Emma,Martinez
6751,Daniel,Martinez
6752,Olivia,Martinez
6753,James,Martinez
6754,Sophia,Martinez
6755,Matthew,Martinez
6756,Ava,Martinez
6757,Andrew,Martinez
6758,Mia,Martinez
6759,Christopher,Martinez
6760,Isabella,Martinez
6761,John,Robinson
6762,Jane,Robinson
6763,Michael,Robinson
6764,Emily,Robinson
6765,David,Robinson
6766,Sarah,Robinson
6767,Robert,Robinson
6768,Jessica,Robinson
6769,William,Robinson
6770,Emma,Robinson
6771,Daniel,Robinson
6772,Olivia,Robinson
6773,James,Robinson
6774,Sophia,Robinson
6775,Matthew,Robinson
6776,Ava,Robinson
6777,Andrew,Robinson
6778,Mia,Robinson
6779,Christopher,Robinson
6780,Isabella,Robinson
6781,John,Clark
6782,Jane,Clark
6783,Michael,Clark
6784,Emily,Clark
6785,David,Clark
6786,Sarah,Clark
6787,Robert,Clark
6788,Jessica,Clark
6789,William,Clark
6790,Emma,Clark
6791,Daniel,Clark
6792,Olivia,Clark
6793,James,Clark
6794,Sophia,Clark
6795,Matthew,Clark
6796,Ava,Clark
6797,Andrew,Clark
6798,Mia,Clark
6799,Christopher,Clark
6800,Isabella,Clark
6801,John,Doe
6802,Jane,Doe
6803,Michael,Doe
6804,Emily,Doe
6805,David,Doe
6806,Sarah,Doe
6807,Robert,Doe
6808,Jessica,Doe
6809,William,Doe
6810,Emma,Doe
6811,Daniel,Doe
6812,Olivia,Doe
6813,James,Doe
6814,Sophia,Doe
6815,Matthew,Doe
6816,Ava,Doe
6817,Andrew,Doe
6818,Mia,Doe
6819,Christopher,Doe
6820,Isabella,Doe
6821,John,Smith
6822,Jane,Smith
6823,Michael,Smith
6824,Emily,Smith
6825,David,Smith
6826,Sarah,Smith
6827,Robert,Smith
6828,Jessica,Smith
6829,William,Smith
6830,Emma,Smith
6831,Daniel,Smith
6832,Olivia,Smith
6833,James,Smith
6834,Sophia,Smith
6835,Matthew,Smith
6836,Ava,Smith
6837,Andrew,Smith
6838,Mia,Smith
6839,Christopher,Smith
6840,Isabella,Smith
6841,John,Johnson
6842,Jane,Johnson
6843,Michael,Johnson
6844,Emily,Johnson
6845,David,Johnson
6846,Sarah,Johnson
6847,Robert,Johnson
6848,Jessica,Johnson
6849,William,Johnson
6850,Emma,Johnson
6851,Daniel,Johnson
6852,Olivia,Johnson
6853,James,Johnson
6854,Sophia,Johnson
6855,Matthew,Johnson
6856,Ava,Johnson
6857,Andrew,Johnson
6858,Mia,Johnson
6859,Christopher,Johnson
6860,Isabella,Johnson
6861,John,Brown
6862,Jane,Brown
6863,Michael,Brown
6864,Emily,Brown
6865,David,Brown
6866,Sarah,Brown
6867,Robert,Brown
6868,Jessica,Brown
6869,William,Brown
6870,Emma,Brown
6871,Daniel,Brown
6872,Olivia,Brown
6873,James,Brown
6874,Sophia,Brown
6875,Matthew,Brown
6876,Ava,Brown
6877,Andrew,Brown
6878,Mia,Brown
6879,Christopher,Brown
6880,Isabella,Brown
6881,John,Miller
6882,Jane,Miller
6883,Michael,Miller
6884,Emily,Miller
6885,David,Miller
6886,Sarah,Miller
6887,Robert,Miller
6888,Jessica,Miller
6889,William,Miller
6890,Emma,Miller
6891,Daniel,Miller
6892,Olivia,Miller
6893,James,Miller
6894,Sophia,Miller
6895,Matthew,Miller
6896,Ava,Miller
6897,Andrew,Miller
6898,Mia,Miller
6899,Christopher,Miller
6900,Isabella,Miller
6901,John,Davis
6902,Jane,Davis
6903,Michael,Davis
6904,Emily,Davis
6905,David,Davis
6906,Sarah,Davis
6907,Robert,Davis
6908,Jessica,Davis
6909,William,Davis
6910,Emma,Davis
6911,Daniel,Davis
6912,Olivia,Davis
6913,James,Davis
6914,Sophia,Davis
6915,Matthew,Davis
6916,Ava,Davis
6917,Andrew,Davis
6918,Mia,Davis
6919,Christopher,Davis
6920,Isabella,Davis
6921,John,Wilson
6922,Jane,Wilson
6923,Michael,Wilson
6924,Emily,Wilson
6925,David,Wilson
6926,Sarah,Wilson
6927,Robert,Wilson
6928,Jessica,Wilson
6929,William,Wilson
6930,Emma,Wilson
6931,Daniel,Wilson
6932,Olivia,Wilson
6933,James,Wilson
6934,Sophia,Wilson
6935,Matthew,Wilson
6936,Ava,Wilson
6937,Andrew,Wilson
6938,Mia,Wilson
6939,Christopher,Wilson
6940,Isabella,Wilson
6941,John,Moore
6942,Jane,Moore
6943,Michael,Moore
6944,Emily,Moore
6945,David,Moore
6946,Sarah,Moore
6947,Robert,Moore
6948,Jessica,Moore
6949,William,Moore
6950,Emma,Moore
6951,Daniel,Moore
6952,Olivia,Moore
6953,James,Moore
6954,Sophia,Moore
6955,Matthew,Moore
6956,Ava,Moore
6957,Andrew,Moore
6958,Mia,Moore
6959,Christopher,Moore
6960,Isabella,Moore
6961,John,Taylor
6962,Jane,Taylor
6963,Michael,Taylor
6964,Emily,Taylor
6965,David,Taylor
6966,Sarah,Taylor
6967,Robert,Taylor
6968,Jessica,Taylor
6969,William,Taylor
6970,Emma,Taylor
6971,Daniel,Taylor
6972,Olivia,Taylor
6973,James,Taylor
6974,Sophia,Taylor
6975,Matthew,Taylor
6976,Ava,Taylor
6977,Andrew,Taylor
6978,Mia,Taylor
6979,Christopher,Taylor
6980,Isabella,Taylor
6981,John,Anderson
6982,Jane,Anderson
6983,Michael,Anderson
6984,Emily,Anderson
6985,David,Anderson
6986,Sarah,Anderson
6987,Robert,Anderson
6988,Jessica,Anderson
6989,William,Anderson
6990,Emma,Anderson
6991,Daniel,Anderson
6992,Olivia,Anderson
6993,James,Anderson
6994,Sophia,Anderson
6995,Matthew,Anderson
6996,Ava,Anderson
6997,Andrew,Anderson
6998,Mia,Anderson
6999,Christopher,Anderson
7000,Isabella,Anderson
7001,John,Thomas
7002,Jane,Thomas
7003,Michael,Thomas
7004,Emily,Thomas
7005,David,Thomas
7006,Sarah,Thomas
7007,Robert,Thomas
7008,Jessica,Thomas
7009,William,Thomas
7010,Emma,Thomas
7011,Daniel,Thomas
7012,Olivia,Thomas
7013,James,Thomas
7014,Sophia,Thomas
7015,Matthew,Thomas
7016,Ava,Thomas
7017,Andrew,Thomas
7018,Mia,Thomas
7019,Christopher,Thomas
7020,Isabella,Thomas
7021,John,Jackson
7022,Jane,Jackson
7023,Michael,Jackson
7024,Emily,Jackson
7025,David,Jackson
7026,Sarah,Jackson
7027,Robert,Jackson
7028,Jessica,Jackson
7029,William,Jackson
7030,Emma,Jackson
7031,Daniel,Jackson
7032,Olivia,Jackson
7033,James,Jackson
7034,Sophia,Jackson
7035,Matthew,Jackson
7036,Ava,Jackson
7037,Andrew,Jackson
7038,Mia,Jackson
7039,Christopher,Jackson
7040,Isabella,Jackson
7041,John,White
7042,Jane,White
7043,Michael,White
7044,Emily,White
7045,David,White
7046,Sarah,White
7047,Robert,White
7048,Jessica,White
7049,William,White
7050,Emma,White
7051,Daniel,White
7052,Olivia,White
7053,James,White
7054,Sophia,White
7055,Matthew,White
7056,Ava,White
7057,Andrew,White
7058,Mia,White
7059,Christopher,White
7060,Isabella,White
7061,John,Harris
7062,Jane,Harris
7063,Michael,Harris
7064,Emily,Harris
7065,David,Harris
7066,Sarah,Harris
7067,Robert,Harris
7068,Jessica,Harris
7069,William,Harris
7070,Emma,Harris
7071,Daniel,Harris
7072,Olivia,Harris
7073,James,Harris
7074,Sophia,Harris
7075,Matthew,Harris
7076,Ava,Harris
7077,Andrew,Harris
7078,Mia,Harris
7079,Christopher,Harris
7080,Isabella,Harris
7081,John,Martin
7082,Jane,Martin
7083,Michael,Martin
7084,Emily,Martin
7085,David,Martin
7086,Sarah,Martin
7087,Robert,Martin
7088,Jessica,Martin
7089,William,Martin
7090,Emma,Martin
7091,Daniel,Martin
7092,Olivia,Martin
7093,James,Martin
7094,Sophia,Martin
7095,Matthew,Martin
7096,Ava,Martin
7097,Andrew,Martin
7098,Mia,Martin
7099,Christopher,Martin
7100,Isabella,Martin
7101,John,Thompson
7102,Jane,Thompson
7103,Michael,Thompson
7104,Emily,Thompson
7105,David,Thompson
7106,Sarah,Thompson
7107,Robert,Thompson
7108,Jessica,Thompson
7109,William,Thompson
7110,Emma,Thompson
7111,Daniel,Thompson
7112,Olivia,Thompson
7113,James,Thompson
7114,Sophia,Thompson
7115,Matthew,Thompson
7116,Ava,Thompson
7117,Andrew,Thompson
7118,Mia,Thompson
7119,Christopher,Thompson
7120,Isabella,Thompson
7121,John,Garcia
7122,Jane,Garcia
7123,Michael,Garcia
7124,Emily,Garcia
7125,David,Garcia
7126,Sarah,Garcia
7127,Robert,Garcia
7128,Jessica,Garcia
7129,William,Garcia
7130,Emma,Garcia
7131,Daniel,Garcia
7132,Olivia,Garcia
7133,James,Garcia
7134,Sophia,Garcia
7135,Matthew,Garcia
7136,Ava,Garcia
7137,Andrew,Garcia
7138,Mia,Garcia
7139,Christopher,Garcia
7140,Isabella,Garcia
7141,John,Martinez
7142,Jane,Martinez
7143,Michael,Martinez
7144,Emily,Martinez
7145,David,Martinez
7146,Sarah,Martinez
7147,Robert,Martinez
7148,Jessica,Martinez
7149,William,Martinez
7150,Emma,Martinez
7151,Daniel,Martinez
7152,Olivia,Martinez
7153,James,Martinez
7154,Sophia,Martinez
7155,Matthew,Martinez
7156,Ava,Martinez
7157,Andrew,Martinez
7158,Mia,Martinez
7159,Christopher,Martinez
7160,Isabella,Martinez
7161,John,Robinson
7162,Jane,Robinson
7163,Michael,Robinson
7164,Emily,Robinson
7165,David,Robinson
7166,Sarah,Robinson
7167,Robert,Robinson
7168,Jessica,Robinson
7169,William,Robinson
7170,Emma,Robinson
7171,Daniel,Robinson
7172,Olivia,Robinson
7173,James,Robinson
7174,Sophia,Robinson
7175,Matthew,Robinson
7176,Ava,Robinson
7177,Andrew,Robinson
7178,Mia,Robinson
7179,Christopher,Robinson
7180,Isabella,Robinson
7181,John,Clark
7182,Jane,Clark
7183,Michael,Clark
7184,Emily,Clark
7185,David,Clark
7186,Sarah,Clark
7187,Robert,Clark
7188,Jessica,Clark
7189,William,Clark
7190,Emma,Clark
7191,Daniel,Clark
7192,Olivia,Clark
7193,James,Clark
7194,Sophia,Clark
7195,Matthew,Clark
7196,Ava,Clark
7197,Andrew,Clark
7198,Mia,Clark
7199,Christopher,Clark
7200,Isabella,Clark
7201,John,Doe
7202,Jane,Doe
7203,Michael,Doe
7204,Emily,Doe
7205,David,Doe
7206,Sarah,Doe
7207,Robert,Doe
7208,Jessica,Doe
7209,William,Doe
7210,Emma,Doe
7211,Daniel,Doe
7212,Olivia,Doe
7213,James,Doe
7214,Sophia,Doe
7215,Matthew,Doe
7216,Ava,Doe
7217,Andrew,Doe
7218,Mia,Doe
7219,Christopher,Doe
7220,Isabella,Doe
7221,John,Smith
7222,Jane,Smith
7223,Michael,Smith
7224,Emily,Smith
7225,David,Smith
7226,Sarah,Smith
7227,Robert,Smith
7228,Jessica,Smith
7229,William,Smith
7230,Emma,Smith
7231,Daniel,Smith
7232,Olivia,Smith
7233,James,Smith
7234,Sophia,Smith
7235,Matthew,Smith
7236,Ava,Smith
7237,Andrew,Smith
7238,Mia,Smith
7239,Christopher,Smith
7240,Isabella,Smith
7241,John,Johnson
7242,Jane,Johnson
7243,Michael,Johnson
7244,Emily,Johnson
7245,David,Johnson
7246,Sarah,Johnson
7247,Robert,Johnson
7248,Jessica,Johnson
7249,William,Johnson
7250,Emma,Johnson
7251,Daniel,Johnson
7252,Olivia,Johnson
7253,James,Johnson
7254,Sophia,Johnson
7255,Matthew,Johnson
7256,Ava,Johnson
7257,Andrew,Johnson
7258,Mia,Johnson
7259,Christopher,Johnson
7260,Isabella,Johnson
7261,John,Brown
7262,Jane,Brown
7263,Michael,Brown
7264,Emily,Brown
7265,David,Brown
7266,Sarah,Brown
7267,Robert,Brown
7268,Jessica,Brown
7269,William,Brown
7270,Emma,Brown
7271,Daniel,Brown
7272,Olivia,Brown
7273,James,Brown
7274,Sophia,Brown
7275,Matthew,Brown
7276,Ava,Brown
7277,Andrew,Brown
7278,Mia,Brown
7279,Christopher,Brown
7280,Isabella,Brown
7281,John,Miller
7282,Jane,Miller
7283,Michael,Miller
7284,Emily,Miller
7285,David,Miller
7286,Sarah,Miller
7287,Robert,Miller
7288,Jessica,Miller
7289,William,Miller
7290,Emma,Miller
7291,Daniel,Miller
7292,Olivia,Miller
7293,James,Miller
7294,Sophia,Miller
7295,Matthew,Miller
7296,Ava,Miller
7297,Andrew,Miller
7298,Mia,Miller
7299,Christopher,Miller
7300,Isabella,Miller
7301,John,Davis
7302,Jane,Davis
7303,Michael,Davis
7304,Emily,Davis
7305,David,Davis
7306,Sarah,Davis
7307,Robert,Davis
7308,Jessica,Davis
7309,William,Davis
7310,Emma,Davis
7311,Daniel,Davis
7312,Olivia,Davis
7313,James,Davis
7314,Sophia,Davis
7315,Matthew,Davis
7316,Ava,Davis
7317,Andrew,Davis
7318,Mia,Davis
7319,Christopher,Davis
7320,Isabella,Davis
7321,John,Wilson
7322,Jane,Wilson
7323,Michael,Wilson
7324,Emily,Wilson
7325,David,Wilson
7326,Sarah,Wilson
7327,Robert,Wilson
7328,Jessica,Wilson
7329,William,Wilson
7330,Emma,Wilson
7331,Daniel,Wilson
7332,Olivia,Wilson
7333,James,Wilson
7334,Sophia,Wilson
7335,Matthew,Wilson
7336,Ava,Wilson
7337,Andrew,Wilson
7338,Mia,Wilson
7339,Christopher,Wilson
7340,Isabella,Wilson
7341,John,Moore
7342,Jane,Moore
7343,Michael,Moore
7344,Emily,Moore
7345,David,Moore
7346,Sarah,Moore
7347,Robert,Moore
7348,Jessica,Moore
7349,William,Moore
7350,Emma,Moore
7351,Daniel,Moore
7352,Olivia,Moore
7353,James,Moore
7354,Sophia,Moore
7355,Matthew,Moore
7356,Ava,Moore
7357,Andrew,Moore
7358,Mia,Moore
7359,Christopher,Moore
7360,Isabella,Moore
7361,John,Taylor
7362,Jane,Taylor
7363,Michael,Taylor
7364,Emily,Taylor
7365,David,Taylor
7366,Sarah,Taylor
7367,Robert,Taylor
7368,Jessica,Taylor
7369,William,Taylor
7370,Emma,Taylor
7371,Daniel,Taylor
7372,Olivia,Taylor
7373,James,Taylor
7374,Sophia,Taylor
7375,Matthew,Taylor
7376,Ava,Taylor
7377,Andrew,Taylor
7378,Mia,Taylor
7379,Christopher,Taylor
7380,Isabella,Taylor
7381,John,Anderson
7382,Jane,Anderson
7383,Michael,Anderson
7384,Emily,Anderson
7385,David,Anderson
7386,Sarah,Anderson
7387,Robert,Anderson
7388,Jessica,Anderson
7389,William,Anderson
7390,Emma,Anderson
7391,Daniel,Anderson
7392,Olivia,Anderson
7393,James,Anderson
7394,Sophia,Anderson
7395,Matthew,Anderson
7396,Ava,Anderson
7397,Andrew,Anderson
7398,Mia,Anderson
7399,Christopher,Anderson
7400,Isabella,Anderson
7401,John,Thomas
7402,Jane,Thomas
7403,Michael,Thomas
7404,Emily,Thomas
7405,David,Thomas
7406,Sarah,Thomas
7407,Robert,Thomas
7408,Jessica,Thomas
7409,William,Thomas
7410,Emma,Thomas
7411,Daniel,Thomas
7412,Olivia,Thomas
7413,James,Thomas
7414,Sophia,Thomas
7415,Matthew,Thomas
7416,Ava,Thomas
7417,Andrew,Thomas
7418,Mia,Thomas
7419,Christopher,Thomas
7420,Isabella,Thomas
7421,John,Jackson
7422,Jane,Jackson
7423,Michael,Jackson
7424,Emily,Jackson
7425,David,Jackson
7426,Sarah,Jackson
7427,Robert,Jackson
7428,Jessica,Jackson
7429,William,Jackson
7430,Emma,Jackson
7431,Daniel,Jackson
7432,Olivia,Jackson
7433,James,Jackson
7434,Sophia,Jackson
7435,Matthew,Jackson
7436,Ava,Jackson
7437,Andrew,Jackson
7438,Mia,Jackson
7439,Christopher,Jackson
7440,Isabella,Jackson
7441,John,White
7442,Jane,White
7443,Michael,White
7444,Emily,White
7445,David,White
7446,Sarah,White
7447,Robert,White
7448,Jessica,White
7449,William,White
7450,Emma,White
7451,Daniel,White
7452,Olivia,White
7453,James,White
7454,Sophia,White
7455,Matthew,White
7456,Ava,White
7457,Andrew,White
7458,Mia,White
7459,Christopher,White
7460,Isabella,White
7461,John,Harris
7462,Jane,Harris
7463,Michael,Harris
7464,Emily,Harris
7465,David,Harris
7466,Sarah,Harris
7467,Robert,Harris
7468,Jessica,Harris
7469,William,Harris
7470,Emma,Harris
7471,Daniel,Harris
7472,Olivia,Harris
7473,James,Harris
7474,Sophia,Harris
7475,Matthew,Harris
7476,Ava,Harris
7477,Andrew,Harris
7478,Mia,Harris
7479,Christopher,Harris
7480,Isabella,Harris
7481,John,Martin
7482,Jane,Martin
7483,Michael,Martin
7484,Emily,Martin
7485,David,Martin
7486,Sarah,Martin
7487,Robert,Martin
7488,Jessica,Martin
7489,William,Martin
7490,Emma,Martin
7491,Daniel,Martin
7492,Olivia,Martin
7493,James,Martin
7494,Sophia,Martin
7495,Matthew,Martin
7496,Ava,Martin
7497,Andrew,Martin
7498,Mia,Martin
7499,Christopher,Martin
7500,Isabella,Martin
7501,John,Thompson
7502,Jane,Thompson
7503,Michael,Thompson
7504,Emily,Thompson
7505,David,Thompson
7506,Sarah,Thompson
7507,Robert,Thompson
7508,Jessica,Thompson
7509,William,Thompson
7510,Emma,Thompson
7511,Daniel,Thompson
7512,Olivia,Thompson
7513,James,Thompson
7514,Sophia,Thompson
7515,Matthew,Thompson
7516,Ava,Thompson
7517,Andrew,Thompson
7518,Mia,Thompson
7519,Christopher,Thompson
7520,Isabella,Thompson
7521,John,Garcia
7522,Jane,Garcia
7523,Michael,Garcia
7524,Emily,Garcia
7525,David,Garcia
7526,Sarah,Garcia
7527,Robert,Garcia
7528,Jessica,Garcia
7529,William,Garcia
7530,Emma,Garcia
7531,Daniel,Garcia
7532,Olivia,Garcia
7533,James,Garcia
7534,Sophia,Garcia
7535,Matthew,Garcia
7536,Ava,Garcia
7537,Andrew,Garcia
7538,Mia,Garcia
7539,Christopher,Garcia
7540,Isabella,Garcia
7541,John,Martinez
7542,Jane,Martinez
7543,Michael,Martinez
7544,Emily,Martinez
7545,David,Martinez
7546,Sarah,Martinez
7547,Robert,Martinez
7548,Jessica,Martinez
7549,William,Martinez
7550,Emma,Martinez
7551,Daniel,Martinez
7552,Olivia,Martinez
7553,James,Martinez
7554,Sophia,Martinez
7555,Matthew,Martinez
7556,Ava,Martinez
7557,Andrew,Martinez
7558,Mia,Martinez
7559,Christopher,Martinez
7560,Isabella,Martinez
7561,John,Robinson
7562,Jane,Robinson
7563,Michael,Robinson
7564,Emily,Robinson
7565,David,Robinson
7566,Sarah,Robinson
7567,Robert,Robinson
7568,Jessica,Robinson
7569,William,Robinson
7570,Emma,Robinson
7571,Daniel,Robinson
7572,Olivia,Robinson
7573,James,Robinson
7574,Sophia,Robinson
7575,Matthew,Robinson
7576,Ava,Robinson
7577,Andrew,Robinson
7578,Mia,Robinson
7579,Christopher,Robinson
7580,Isabella,Robinson
7581,John,Clark
7582,Jane,Clark
7583,Michael,Clark
7584,Emily,Clark
7585,David,Clark
7586,Sarah,Clark
7587,Robert,Clark
7588,Jessica,Clark
7589,William,Clark
7590,Emma,Clark
7591,Daniel,Clark
7592,Olivia,Clark
7593,James,Clark
7594,Sophia,Clark
7595,Matthew,Clark
7596,Ava,Clark
7597,Andrew,Clark
7598,Mia,Clark
7599,Christopher,Clark
7600,Isabella,Clark
7601,John,Doe
7602,Jane,Doe
7603,Michael,Doe
7604,Emily,Doe
7605,David,Doe
7606,Sarah,Doe
7607,Robert,Doe
7608,Jessica,Doe
7609,William,Doe
7610,Emma,Doe
7611,Daniel,Doe
7612,Olivia,Doe
7613,James,Doe
7614,Sophia,Doe
7615,Matthew,Doe
7616,Ava,Doe
7617,Andrew,Doe
7618,Mia,Doe
7619,Christopher,Doe
7620,Isabella,Doe
7621,John,Smith
7622,Jane,Smith
7623,Michael,Smith
7624,Emily,Smith
7625,David,Smith
7626,Sarah,Smith
7627,Robert,Smith
7628,Jessica,Smith
7629,William,Smith
7630,Emma,Smith
7631,Daniel,Smith
7632,Olivia,Smith
7633,James,Smith
7634,Sophia,Smith
7635,Matthew,Smith
7636,Ava,Smith
7637,Andrew,Smith
7638,Mia,Smith
7639,Christopher,Smith
7640,Isabella,Smith
7641,John,Johnson
7642,Jane,Johnson
7643,Michael,Johnson
7644,Emily,Johnson
7645,David,Johnson
7646,Sarah,Johnson
7647,Robert,Johnson
7648,Jessica,Johnson
7649,William,Johnson
7650,Emma,Johnson
7651,Daniel,Johnson
7652,Olivia,Johnson
7653,James,Johnson
7654,Sophia,Johnson
7655,Matthew,Johnson
7656,Ava,Johnson
7657,Andrew,Johnson
7658,Mia,Johnson
7659,Christopher,Johnson
7660,Isabella,Johnson
7661,John,Brown
7662,Jane,Brown
7663,Michael,Brown
7664,Emily,Brown
7665,David,Brown
7666,Sarah,Brown
7667,Robert,Brown
7668,Jessica,Brown
7669,William,Brown
7670,Emma,Brown
7671,Daniel,Brown
7672,Olivia,Brown
7673,James,Brown
7674,Sophia,Brown
7675,Matthew,Brown
7676,Ava,Brown
7677,Andrew,Brown
7678,Mia,Brown
7679,Christopher,Brown
7680,Isabella,Brown
7681,John,Miller
7682,Jane,Miller
7683,Michael,Miller
7684,Emily,Miller
7685,David,Miller
7686,Sarah,Miller
7687,Robert,Miller
7688,Jessica,Miller
7689,William,Miller
7690,Emma,Miller
7691,Daniel,Miller
7692,Olivia,Miller
7693,James,Miller
7694,Sophia,Miller
7695,Matthew,Miller
7696,Ava,Miller
7697,Andrew,Miller
7698,Mia,Miller
7699,Christopher,Miller
7700,Isabella,Miller
7701,John,Davis
7702,Jane,Davis
7703,Michael,Davis
7704,Emily,Davis
7705,David,Davis
7706,Sarah,Davis
7707,Robert,Davis
7708,Jessica,Davis
7709,William,Davis
7710,Emma,Davis
7711,Daniel,Davis
7712,Olivia,Davis
7713,James,Davis
7714,Sophia,Davis
7715,Matthew,Davis
7716,Ava,Davis
7717,Andrew,Davis
7718,Mia,Davis
7719,Christopher,Davis
7720,Isabella,Davis
7721,John,Wilson
7722,Jane,Wilson
7723,Michael,Wilson
7724,Emily,Wilson
7725,David,Wilson
7726,Sarah,Wilson
7727,Robert,Wilson
7728,Jessica,Wilson
7729,William,Wilson
7730,Emma,Wilson
7731,Daniel,Wilson
7732,Olivia,Wilson
7733,James,Wilson
7734,Sophia,Wilson
7735,Matthew,Wilson
7736,Ava,Wilson
7737,Andrew,Wilson
7738,Mia,Wilson
7739,Christopher,Wilson
7740,Isabella,Wilson
7741,John,Moore
7742,Jane,Moore
7743,Michael,Moore
7744,Emily,Moore
7745,David,Moore
7746,Sarah,Moore
7747,Robert,Moore
7748,Jessica,Moore
7749,William,Moore
7750,Emma,Moore
7751,Daniel,Moore
7752,Olivia,Moore
7753,James,Moore
7754,Sophia,Moore
7755,Matthew,Moore
7756,Ava,Moore
7757,Andrew,Moore
7758,Mia,Moore
7759,Christopher,Moore
7760,Isabella,Moore
7761,John,Taylor
7762,Jane,Taylor
7763,Michael,Taylor
7764,Emily,Taylor
7765,David,Taylor
7766,Sarah,Taylor
7767,Robert,Taylor
7768,Jessica,Taylor
7769,William,Taylor
7770,Emma,Taylor
7771,Daniel,Taylor
7772,Olivia,Taylor
7773,James,Taylor
7774,Sophia,Taylor
7775,Matthew,Taylor
7776,Ava,Taylor
7777,Andrew,Taylor
7778,Mia,Taylor
7779,Christopher,Taylor
7780,Isabella,Taylor
7781,John,Anderson
7782,Jane,Anderson
7783,Michael,Anderson
7784,Emily,Anderson
7785,David,Anderson
7786,Sarah,Anderson
7787,Robert,Anderson
7788,Jessica,Anderson
7789,William,Anderson
7790,Emma,Anderson
7791,Daniel,Anderson
7792,Olivia,Anderson
7793,James,Anderson
7794,Sophia,Anderson
7795,Matthew,Anderson
7796,Ava,Anderson
7797,Andrew,Anderson
7798,Mia,Anderson
7799,Christopher,Anderson
7800,Isabella,Anderson
7801,John,Thomas
7802,Jane,Thomas
7803,Michael,Thomas
7804,Emily,Thomas
7805,David,Thomas
7806,Sarah,Thomas
7807,Robert,Thomas
7808,Jessica,Thomas
7809,William,Thomas
7810,Emma,Thomas
7811,Daniel,Thomas
7812,Olivia,Thomas
7813,James,Thomas
7814,Sophia,Thomas
7815,Matthew,Thomas
7816,Ava,Thomas
7817,Andrew,Thomas
7818,Mia,Thomas
7819,Christopher,Thomas
7820,Isabella,Thomas
7821,John,Jackson
7822,Jane,Jackson
7823,Michael,Jackson
7824,Emily,Jackson
7825,David,Jackson
7826,Sarah,Jackson
7827,Robert,Jackson
7828,Jessica,Jackson
7829,William,Jackson
7830,Emma,Jackson
7831,Daniel,Jackson
7832,Olivia,Jackson
7833,James,Jackson
7834,Sophia,Jackson
7835,Matthew,Jackson
7836,Ava,Jackson
7837,Andrew,Jackson
7838,Mia,Jackson
7839,Christopher,Jackson
7840,Isabella,Jackson
7841,John,White
7842,Jane,White
7843,Michael,White
7844,Emily,White
7845,David,White
7846,Sarah,White
7847,Robert,White
7848,Jessica,White
7849,William,White
7850,Emma,White
7851,Daniel,White
7852,Olivia,White
7853,James,White
7854,Sophia,White
7855,Matthew,White
7856,Ava,White
7857,Andrew,White
7858,Mia,White
7859,Christopher,White
7860,Isabella,White
7861,John,Harris
7862,Jane,Harris
7863,Michael,Harris
7864,Emily,Harris
7865,David,Harris
7866,Sarah,Harris
7867,Robert,Harris
7868,Jessica,Harris
7869,William,Harris
7870,Emma,Harris
7871,Daniel,Harris
7872,Olivia,Harris
7873,James,Harris
7874,Sophia,Harris
7875,Matthew,Harris
7876,Ava,Harris
7877,Andrew,Harris
7878,Mia,Harris
7879,Christopher,Harris
7880,Isabella,Harris
7881,John,Martin
7882,Jane,Martin
7883,Michael,Martin
7884,Emily,Martin
7885,David,Martin
7886,Sarah,Martin
7887,Robert,Martin
7888,Jessica,Martin
7889,William,Martin
7890,Emma,Martin
7891,Daniel,Martin
7892,Olivia,Martin
7893,James,Martin
7894,Sophia,Martin
7895,Matthew,Martin
7896,Ava,Martin
7897,Andrew,Martin
7898,Mia,Martin
7899,Christopher,Martin
7900,Isabella,Martin
7901,John,Thompson
7902,Jane,Thompson
7903,Michael,Thompson
7904,Emily,Thompson
7905,David,Thompson
7906,Sarah,Thompson
7907,Robert,Thompson
7908,Jessica,Thompson
7909,William,Thompson
7910,Emma,Thompson
7911,Daniel,Thompson
7912,Olivia,Thompson
7913,James,Thompson
7914,Sophia,Thompson
7915,Matthew,Thompson
7916,Ava,Thompson
7917,Andrew,Thompson
7918,Mia,Thompson
7919,Christopher,Thompson
7920,Isabella,Thompson
7921,John,Garcia
7922,Jane,Garcia
7923,Michael,Garcia
7924,Emily,Garcia
7925,David,Garcia
7926,Sarah,Garcia
7927,Robert,Garcia
7928,Jessica,Garcia
7929,William,Garcia
7930,Emma,Garcia
7931,Daniel,Garcia
7932,Olivia,Garcia
7933,James,Garcia
7934,Sophia,Garcia
7935,Matthew,Garcia
7936,Ava,Garcia
7937,Andrew,Garcia
7938,Mia,Garcia
7939,Christopher,Garcia
7940,Isabella,Garcia
7941,John,Martinez
7942,Jane,Martinez
7943,Michael,Martinez
7944,Emily,Martinez
7945,David,Martinez
7946,Sarah,Martinez
7947,Robert,Martinez
7948,Jessica,Martinez
7949,William,Martinez
7950,Emma,Martinez
7951,Daniel,Martinez
7952,Olivia,Martinez
7953,James,Martinez
7954,Sophia,Martinez
7955,Matthew,Martinez
7956,Ava,Martinez
7957,Andrew,Martinez
7958,Mia,Martinez
7959,Christopher,Martinez
7960,Isabella,Martinez
7961,John,Robinson
7962,Jane,Robinson
7963,Michael,Robinson
7964,Emily,Robinson
7965,David,Robinson
7966,Sarah,Robinson
7967,Robert,Robinson
7968,Jessica,Robinson
7969,William,Robinson
7970,Emma,Robinson
7971,Daniel,Robinson
7972,Olivia,Robinson
7973,James,Robinson
7974,Sophia,Robinson
7975,Matthew,Robinson
7976,Ava,Robinson
7977,Andrew,Robinson
7978,Mia,Robinson
7979,Christopher,Robinson
7980,Isabella,Robinson
7981,John,Clark
7982,Jane,Clark
7983,Michael,Clark
7984,Emily,Clark
7985,David,Clark
7986,Sarah,Clark
7987,Robert,Clark
7988,Jessica,Clark
7989,William,Clark
7990,Emma,Clark
7991,Daniel,Clark
7992,Olivia,Clark
7993,James,Clark
7994,Sophia,Clark
7995,Matthew,Clark
7996,Ava,Clark
7997,Andrew,Clark
7998,Mia,Clark
7999,Christopher,Clark
8000,Isabella,Clark
8001,John,Doe
8002,Jane,Doe
8003,Michael,Doe
8004,Emily,Doe
8005,David,Doe
8006,Sarah,Doe
8007,Robert,Doe
8008,Jessica,Doe
8009,William,Doe
8010,Emma,Doe
8011,Daniel,Doe
8012,Olivia,Doe
8013,James,Doe
8014,Sophia,Doe
8015,Matthew,Doe
8016,Ava,Doe
8017,Andrew,Doe
8018,Mia,Doe
8019,Christopher,Doe
8020,Isabella,Doe
8021,John,Smith
8022,Jane,Smith
8023,Michael,Smith
8024,Emily,Smith
8025,David,Smith
8026,Sarah,Smith
8027,Robert,Smith
8028,Jessica,Smith
8029,William,Smith
8030,Emma,Smith
8031,Daniel,Smith
8032,Olivia,Smith
8033,James,Smith
8034,Sophia,Smith
8035,Matthew,Smith
8036,Ava,Smith
8037,Andrew,Smith
8038,Mia,Smith
8039,Christopher,Smith
8040,Isabella,Smith
8041,John,Johnson
8042,Jane,Johnson
8043,Michael,Johnson
8044,Emily,Johnson
8045,David,Johnson
8046,Sarah,Johnson
8047,Robert,Johnson
8048,Jessica,Johnson
8049,William,Johnson
8050,Emma,Johnson
8051,Daniel,Johnson
8052,Olivia,Johnson
8053,James,Johnson
8054,Sophia,Johnson
8055,Matthew,Johnson
8056,Ava,Johnson
8057,Andrew,Johnson
8058,Mia,Johnson
8059,Christopher,Johnson
8060,Isabella,Johnson
8061,John,Brown
8062,Jane,Brown
8063,Michael,Brown
8064,Emily,Brown
8065,David,Brown
8066,Sarah,Brown
8067,Robert,Brown
8068,Jessica,Brown
8069,William,Brown
8070,Emma,Brown
8071,Daniel,Brown
8072,Olivia,Brown
8073,James,Brown
8074,Sophia,Brown
8075,Matthew,Brown
8076,Ava,Brown
8077,Andrew,Brown
8078,Mia,Brown
8079,Christopher,Brown
8080,Isabella,Brown
8081,John,Miller
8082,Jane,Miller
8083,Michael,Miller
8084,Emily,Miller
8085,David,Miller
8086,Sarah,Miller
8087,Robert,Miller
8088,Jessica,Miller
8089,William,Miller
8090,Emma,Miller
8091,Daniel,Miller
8092,Olivia,Miller
8093,James,Miller
8094,Sophia,Miller
8095,Matthew,Miller
8096,Ava,Miller
8097,Andrew,Miller
8098,Mia,Miller
8099,Christopher,Miller
8100,Isabella,Miller
8101,John,Davis
8102,Jane,Davis
8103,Michael,Davis
8104,Emily,Davis
8105,David,Davis
8106,Sarah,Davis
8107,Robert,Davis
8108,Jessica,Davis
8109,William,Davis
8110,Emma,Davis
8111,Daniel,Davis
8112,Olivia,Davis
8113,James,Davis
8114,Sophia,Davis
8115,Matthew,Davis
8116,Ava,Davis
8117,Andrew,Davis
8118,Mia,Davis
8119,Christopher,Davis
8120,Isabella,Davis
8121,John,Wilson
8122,Jane,Wilson
8123,Michael,Wilson
8124,Emily,Wilson
8125,David,Wilson
8126,Sarah,Wilson
8127,Robert,Wilson
8128,Jessica,Wilson
8129,William,Wilson
8130,Emma,Wilson
8131,Daniel,Wilson
8132,Olivia,Wilson
8133,James,Wilson
8134,Sophia,Wilson
8135,Matthew,Wilson
8136,Ava,Wilson
8137,Andrew,Wilson
8138,Mia,Wilson
8139,Christopher,Wilson
8140,Isabella,Wilson
8141,John,Moore
8142,Jane,Moore
8143,Michael,Moore
8144,Emily,Moore
8145,David,Moore
8146,Sarah,Moore
8147,Robert,Moore
8148,Jessica,Moore
8149,William,Moore
8150,Emma,Moore
8151,Daniel,Moore
8152,Olivia,Moore
8153,James,Moore
8154,Sophia,Moore
8155,Matthew,Moore
8156,Ava,Moore
8157,Andrew,Moore
8158,Mia,Moore
8159,Christopher,Moore
8160,Isabella,Moore
8161,John,Taylor
8162,Jane,Taylor
8163,Michael,Taylor
8164,Emily,Taylor
8165,David,Taylor
8166,Sarah,Taylor
8167,Robert,Taylor
8168,Jessica,Taylor
8169,William,Taylor
8170,Emma,Taylor
8171,Daniel,Taylor
8172,Olivia,Taylor
8173,James,Taylor
8174,Sophia,Taylor
8175,Matthew,Taylor
8176,Ava,Taylor
8177,Andrew,Taylor
8178,Mia,Taylor
8179,Christopher,Taylor
8180,Isabella,Taylor
8181,John,Anderson
8182,Jane,Anderson
8183,Michael,Anderson
8184,Emily,Anderson
8185,David,Anderson
8186,Sarah,Anderson
8187,Robert,Anderson
8188,Jessica,Anderson
8189,William,Anderson
8190,Emma,Anderson
8191,Daniel,Anderson
8192,Olivia,Anderson
8193,James,Anderson
8194,Sophia,Anderson
8195,Matthew,Anderson
8196,Ava,Anderson
8197,Andrew,Anderson
8198,Mia,Anderson
8199,Christopher,Anderson
8200,Isabella,Anderson
8201,John,Thomas
8202,Jane,Thomas
8203,Michael,Thomas
8204,Emily,Thomas
8205,David,Thomas
8206,Sarah,Thomas
8207,Robert,Thomas
8208,Jessica,Thomas
8209,William,Thomas
8210,Emma,Thomas
8211,Daniel,Thomas
8212,Olivia,Thomas
8213,James,Thomas
8214,Sophia,Thomas
8215,Matthew,Thomas
8216,Ava,Thomas
8217,Andrew,Thomas
8218,Mia,Thomas
8219,Christopher,Thomas
8220,Isabella,Thomas
8221,John,Jackson
8222,Jane,Jackson
8223,Michael,Jackson
8224,Emily,Jackson
8225,David,Jackson
8226,Sarah,Jackson
8227,Robert,Jackson
8228,Jessica,Jackson
8229,William,Jackson
8230,Emma,Jackson
8231,Daniel,Jackson
8232,Olivia,Jackson
8233,James,Jackson
8234,Sophia,Jackson
8235,Matthew,Jackson
8236,Ava,Jackson
8237,Andrew,Jackson
8238,Mia,Jackson
8239,Christopher,Jackson
8240,Isabella,Jackson
8241,John,White
8242,Jane,White
8243,Michael,White
8244,Emily,White
8245,David,White
8246,Sarah,White
8247,Robert,White
8248,Jessica,White
8249,William,White
8250,Emma,White
8251,Daniel,White
8252,Olivia,White
8253,James,White
8254,Sophia,White
8255,Matthew,White
8256,Ava,White
8257,Andrew,White
8258,Mia,White
8259,Christopher,White
8260,Isabella,White
8261,John,Harris
8262,Jane,Harris
8263,Michael,Harris
8264,Emily,Harris
8265,David,Harris
8266,Sarah,Harris
8267,Robert,Harris
8268,Jessica,Harris
8269,William,Harris
8270,Emma,Harris
8271,Daniel,Harris
8272,Olivia,Harris
8273,James,Harris
8274,Sophia,Harris
8275,Matthew,Harris
8276,Ava,Harris
8277,Andrew,Harris
8278,Mia,Harris
8279,Christopher,Harris
8280,Isabella,Harris
8281,John,Martin
8282,Jane,Martin
8283,Michael,Martin
8284,Emily,Martin
8285,David,Martin
8286,Sarah,Martin
8287,Robert,Martin
8288,Jessica,Martin
8289,William,Martin
8290,Emma,Martin
8291,Daniel,Martin
8292,Olivia,Martin
8293,James,Martin
8294,Sophia,Martin
8295,Matthew,Martin
8296,Ava,Martin
8297,Andrew,Martin
8298,Mia,Martin
8299,Christopher,Martin
8300,Isabella,Martin
8301,John,Thompson
8302,Jane,Thompson
8303,Michael,Thompson
8304,Emily,Thompson
8305,David,Thompson
8306,Sarah,Thompson
8307,Robert,Thompson
8308,Jessica,Thompson
8309,William,Thompson
8310,Emma,Thompson
8311,Daniel,Thompson
8312,Olivia,Thompson
8313,James,Thompson
8314,Sophia,Thompson
8315,Matthew,Thompson
8316,Ava,Thompson
8317,Andrew,Thompson
8318,Mia,Thompson
8319,Christopher,Thompson
8320,Isabella,Thompson
8321,John,Garcia
8322,Jane,Garcia
8323,Michael,Garcia
8324,Emily,Garcia
8325,David,Garcia
8326,Sarah,Garcia
8327,Robert,Garcia
8328,Jessica,Garcia
8329,William,Garcia
8330,Emma,Garcia
8331,Daniel,Garcia
8332,Olivia,Garcia
8333,James,Garcia
8334,Sophia,Garcia
8335,Matthew,Garcia
8336,Ava,Garcia
8337,Andrew,Garcia
8338,Mia,Garcia
8339,Christopher,Garcia
8340,Isabella,Garcia
8341,John,Martinez
8342,Jane,Martinez
8343,Michael,Martinez
8344,Emily,Martinez
8345,David,Martinez
8346,Sarah,Martinez
8347,Robert,Martinez
8348,Jessica,Martinez
8349,William,Martinez
8350,Emma,Martinez
8351,Daniel,Martinez
8352,Olivia,Martinez
8353,James,Martinez
8354,Sophia,Martinez
8355,Matthew,Martinez
8356,Ava,Martinez
8357,Andrew,Martinez
8358,Mia,Martinez
8359,Christopher,Martinez
8360,Isabella,Martinez
8361,John,Robinson
8362,Jane,Robinson
8363,Michael,Robinson
8364,Emily,Robinson
8365,David,Robinson
8366,Sarah,Robinson
8367,Robert,Robinson
8368,Jessica,Robinson
8369,William,Robinson
8370,Emma,Robinson
8371,Daniel,Robinson
8372,Olivia,Robinson
8373,James,Robinson
8374,Sophia,Robinson
8375,Matthew,Robinson
8376,Ava,Robinson
8377,Andrew,Robinson
8378,Mia,Robinson
8379,Christopher,Robinson
8380,Isabella,Robinson
8381,John,Clark
8382,Jane,Clark
8383,Michael,Clark
8384,Emily,Clark
8385,David,Clark
8386,Sarah,Clark
8387,Robert,Clark
8388,Jessica,Clark
8389,William,Clark
8390,Emma,Clark
8391,Daniel,Clark
8392,Olivia,Clark
8393,James,Clark
8394,Sophia,Clark
8395,Matthew,Clark
8396,Ava,Clark
8397,Andrew,Clark
8398,Mia,Clark
8399,Christopher,Clark
8400,Isabella,Clark
8401,John,Doe
8402,Jane,Doe
8403,Michael,Doe
8404,Emily,Doe
8405,David,Doe
8406,Sarah,Doe
8407,Robert,Doe
8408,Jessica,Doe
8409,William,Doe
8410,Emma,Doe
8411,Daniel,Doe
8412,Olivia,Doe
8413,James,Doe
8414,Sophia,Doe
8415,Matthew,Doe
8416,Ava,Doe
8417,Andrew,Doe
8418,Mia,Doe
8419,Christopher,Doe
8420,Isabella,Doe
8421,John,Smith
8422,Jane,Smith
8423,Michael,Smith
8424,Emily,Smith
8425,David,Smith
8426,Sarah,Smith
8427,Robert,Smith
8428,Jessica,Smith
8429,William,Smith
8430,Emma,Smith
8431,Daniel,Smith
8432,Olivia,Smith
8433,James,Smith
8434,Sophia,Smith
8435,Matthew,Smith
8436,Ava,Smith
8437,Andrew,Smith
8438,Mia,Smith
8439,Christopher,Smith
8440,Isabella,Smith
8441,John,Johnson
8442,Jane,Johnson
8443,Michael,Johnson
8444,Emily,Johnson
8445,David,Johnson
8446,Sarah,Johnson
8447,Robert,Johnson
8448,Jessica,Johnson
8449,William,Johnson
8450,Emma,Johnson
8451,Daniel,Johnson
8452,Olivia,Johnson
8453,James,Johnson
8454,Sophia,Johnson
8455,Matthew,Johnson
8456,Ava,Johnson
8457,Andrew,Johnson
8458,Mia,Johnson
8459,Christopher,Johnson
8460,Isabella,Johnson
8461,John,Brown
8462,Jane,Brown
8463,Michael,Brown
8464,Emily,Brown
8465,David,Brown
8466,Sarah,Brown
8467,Robert,Brown
8468,Jessica,Brown
8469,William,Brown
8470,Emma,Brown
8471,Daniel,Brown
8472,Olivia,Brown
8473,James,Brown
8474,Sophia,Brown
8475,Matthew,Brown
8476,Ava,Brown
8477,Andrew,Brown
8478,Mia,Brown
8479,Christopher,Brown
8480,Isabella,Brown
8481,John,Miller
8482,Jane,Miller
8483,Michael,Miller
8484,Emily,Miller
8485,David,Miller
8486,Sarah,Miller
8487,Robert,Miller
8488,Jessica,Miller
8489,William,Miller
8490,Emma,Miller
8491,Daniel,Miller
8492,Olivia,Miller
8493,James,Miller
8494,Sophia,Miller
8495,Matthew,Miller
8496,Ava,Miller
8497,Andrew,Miller
8498,Mia,Miller
8499,Christopher,Miller
8500,Isabella,Miller
8501,John,Davis
8502,Jane,Davis
8503,Michael,Davis
8504,Emily,Davis
8505,David,Davis
8506,Sarah,Davis
8507,Robert,Davis
8508,Jessica,Davis
8509,William,Davis
8510,Emma,Davis
8511,Daniel,Davis
8512,Olivia,Davis
8513,James,Davis
8514,Sophia,Davis
8515,Matthew,Davis
8516,Ava,Davis
8517,Andrew,Davis
8518,Mia,Davis
8519,Christopher,Davis
8520,Isabella,Davis
8521,John,Wilson
8522,Jane,Wilson
8523,Michael,Wilson
8524,Emily,Wilson
8525,David,Wilson
8526,Sarah,Wilson
8527,Robert,Wilson
8528,Jessica,Wilson
8529,William,Wilson
8530,Emma,Wilson
8531,Daniel,Wilson
8532,Olivia,Wilson
8533,James,Wilson
8534,Sophia,Wilson
8535,Matthew,Wilson
8536,Ava,Wilson
8537,Andrew,Wilson
8538,Mia,Wilson
8539,Christopher,Wilson
8540,Isabella,Wilson
8541,John,Moore
8542,Jane,Moore
8543,Michael,Moore
8544,Emily,Moore
8545,David,Moore
8546,Sarah,Moore
8547,Robert,Moore
8548,Jessica,Moore
8549,William,Moore
8550,Emma,Moore
8551,Daniel,Moore
8552,Olivia,Moore
8553,James,Moore
8554,Sophia,Moore
8555,Matthew,Moore
8556,Ava,Moore
8557,Andrew,Moore
8558,Mia,Moore
8559,Christopher,Moore
8560,Isabella,Moore
8561,John,Taylor
8562,Jane,Taylor
8563,Michael,Taylor
8564,Emily,Taylor
8565,David,Taylor
8566,Sarah,Taylor
8567,Robert,Taylor
8568,Jessica,Taylor
8569,William,Taylor
8570,Emma,Taylor
8571,Daniel,Taylor
8572,Olivia,Taylor
8573,James,Taylor
8574,Sophia,Taylor
8575,Matthew,Taylor
8576,Ava,Taylor
8577,Andrew,Taylor
8578,Mia,Taylor
8579,Christopher,Taylor
8580,Isabella,Taylor
8581,John,Anderson
8582,Jane,Anderson
8583,Michael,Anderson
8584,Emily,Anderson
8585,David,Anderson
8586,Sarah,Anderson
8587,Robert,Anderson
8588,Jessica,Anderson
8589,William,Anderson
8590,Emma,Anderson
8591,Daniel,Anderson
8592,Olivia,Anderson
8593,James,Anderson
8594,Sophia,Anderson
8595,Matthew,Anderson
8596,Ava,Anderson
8597,Andrew,Anderson
8598,Mia,Anderson
8599,Christopher,Anderson
8600,Isabella,Anderson
8601,John,Thomas
8602,Jane,Thomas
8603,Michael,Thomas
8604,Emily,Thomas
8605,David,Thomas
8606,Sarah,Thomas
8607,Robert,Thomas
8608,Jessica,Thomas
8609,William,Thomas
8610,Emma,Thomas
8611,Daniel,Thomas
8612,Olivia,Thomas
8613,James,Thomas
8614,Sophia,Thomas
8615,Matthew,Thomas
8616,Ava,Thomas
8617,Andrew,Thomas
8618,Mia,Thomas
8619,Christopher,Thomas
8620,Isabella,Thomas
8621,John,Jackson
8622,Jane,Jackson
8623,Michael,Jackson
8624,Emily,Jackson
8625,David,Jackson
8626,Sarah,Jackson
8627,Robert,Jackson
8628,Jessica,Jackson
8629,William,Jackson
8630,Emma,Jackson
8631,Daniel,Jackson
8632,Olivia,Jackson
8633,James,Jackson
8634,Sophia,Jackson
8635,Matthew,Jackson
8636,Ava,Jackson
8637,Andrew,Jackson
8638,Mia,Jackson
8639,Christopher,Jackson
8640,Isabella,Jackson
8641,John,White
8642,Jane,White
8643,Michael,White
8644,Emily,White
8645,David,White
8646,Sarah,White
8647,Robert,White
8648,Jessica,White
8649,William,White
8650,Emma,White
8651,Daniel,White
8652,Olivia,White
8653,James,White
8654,Sophia,White
8655,Matthew,White
8656,Ava,White
8657,Andrew,White
8658,Mia,White
8659,Christopher,White
8660,Isabella,White
8661,John,Harris
8662,Jane,Harris
8663,Michael,Harris
8664,Emily,Harris
8665,David,Harris
8666,Sarah,Harris
8667,Robert,Harris
8668,Jessica,Harris
8669,William,Harris
8670,Emma,Harris
8671,Daniel,Harris
8672,Olivia,Harris
8673,James,Harris
8674,Sophia,Harris
8675,Matthew,Harris
8676,Ava,Harris
8677,Andrew,Harris
8678,Mia,Harris
8679,Christopher,Harris
8680,Isabella,Harris
8681,John,Martin
8682,Jane,Martin
8683,Michael,Martin
8684,Emily,Martin
8685,David,Martin
8686,Sarah,Martin
8687,Robert,Martin
8688,Jessica,Martin
8689,William,Martin
8690,Emma,Martin
8691,Daniel,Martin
8692,Olivia,Martin
8693,James,Martin
8694,Sophia,Martin
8695,Matthew,Martin
8696,Ava,Martin
8697,Andrew,Martin
8698,Mia,Martin
8699,Christopher,Martin
8700,Isabella,Martin
8701,John,Thompson
8702,Jane,Thompson
8703,Michael,Thompson
8704,Emily,Thompson
8705,David,Thompson
8706,Sarah,Thompson
8707,Robert,Thompson
8708,Jessica,Thompson
8709,William,Thompson
8710,Emma,Thompson
8711,Daniel,Thompson
8712,Olivia,Thompson
8713,James,Thompson
8714,Sophia,Thompson
8715,Matthew,Thompson
8716,Ava,Thompson
8717,Andrew,Thompson
8718,Mia,Thompson
8719,Christopher,Thompson
8720,Isabella,Thompson
8721,John,Garcia
8722,Jane,Garcia
8723,Michael,Garcia
8724,Emily,Garcia
8725,David,Garcia
8726,Sarah,Garcia
8727,Robert,Garcia
8728,Jessica,Garcia
8729,William,Garcia
8730,Emma,Garcia
8731,Daniel,Garcia
8732,Olivia,Garcia
8733,James,Garcia
8734,Sophia,Garcia
8735,Matthew,Garcia
8736,Ava,Garcia
8737,Andrew,Garcia
8738,Mia,Garcia
8739,Christopher,Garcia
8740,Isabella,Garcia
8741,John,Martinez
8742,Jane,Martinez
8743,Michael,Martinez
8744,Emily,Martinez
8745,David,Martinez
8746,Sarah,Martinez
8747,Robert,Martinez
8748,Jessica,Martinez
8749,William,Martinez
8750,Emma,Martinez
8751,Daniel,Martinez
8752,Olivia,Martinez
8753,James,Martinez
8754,Sophia,Martinez
8755,Matthew,Martinez
8756,Ava,Martinez
8757,Andrew,Martinez
8758,Mia,Martinez
8759,Christopher,Martinez
8760,Isabella,Martinez
8761,John,Robinson
8762,Jane,Robinson
8763,Michael,Robinson
8764,Emily,Robinson
8765,David,Robinson
8766,Sarah,Robinson
8767,Robert,Robinson
8768,Jessica,Robinson
8769,William,Robinson
8770,Emma,Robinson
8771,Daniel,Robinson
8772,Olivia,Robinson
8773,James,Robinson
8774,Sophia,Robinson
8775,Matthew,Robinson
8776,Ava,Robinson
8777,Andrew,Robinson
8778,Mia,Robinson
8779,Christopher,Robinson
8780,Isabella,Robinson
8781,John,Clark
8782,Jane,Clark
8783,Michael,Clark
8784,Emily,Clark
8785,David,Clark
8786,Sarah,Clark
8787,Robert,Clark
8788,Jessica,Clark
8789,William,Clark
8790,Emma,Clark
8791,Daniel,Clark
8792,Olivia,Clark
8793,James,Clark
8794,Sophia,Clark
8795,Matthew,Clark
8796,Ava,Clark
8797,Andrew,Clark
8798,Mia,Clark
8799,Christopher,Clark
8800,Isabella,Clark
8801,John,Doe
8802,Jane,Doe
8803,Michael,Doe
8804,Emily,Doe
8805,David,Doe
8806,Sarah,Doe
8807,Robert,Doe
8808,Jessica,Doe
8809,William,Doe
8810,Emma,Doe
8811,Daniel,Doe
8812,Olivia,Doe
8813,James,Doe
8814,Sophia,Doe
8815,Matthew,Doe
8816,Ava,Doe
8817,Andrew,Doe
8818,Mia,Doe
8819,Christopher,Doe
8820,Isabella,Doe
8821,John,Smith
8822,Jane,Smith
8823,Michael,Smith
8824,Emily,Smith
8825,David,Smith
8826,Sarah,Smith
8827,Robert,Smith
8828,Jessica,Smith
8829,William,Smith
8830,Emma,Smith
8831,Daniel,Smith
8832,Olivia,Smith
8833,James,Smith
8834,Sophia,Smith
8835,Matthew,Smith
8836,Ava,Smith
8837,Andrew,Smith
8838,Mia,Smith
8839,Christopher,Smith
8840,Isabella,Smith
8841,John,Johnson
8842,Jane,Johnson
8843,Michael,Johnson
8844,Emily,Johnson
8845,David,Johnson
8846,Sarah,Johnson
8847,Robert,Johnson
8848,Jessica,Johnson
8849,William,Johnson
8850,Emma,Johnson
8851,Daniel,Johnson
8852,Olivia,Johnson
8853,James,Johnson
8854,Sophia,Johnson
8855,Matthew,Johnson
8856,Ava,Johnson
8857,Andrew,Johnson
8858,Mia,Johnson
8859,Christopher,Johnson
8860,Isabella,Johnson
8861,John,Brown
8862,Jane,Brown
8863,Michael,Brown
8864,Emily,Brown
8865,David,Brown
8866,Sarah,Brown
8867,Robert,Brown
8868,Jessica,Brown
8869,William,Brown
8870,Emma,Brown
8871,Daniel,Brown
8872,Olivia,Brown
8873,James,Brown
8874,Sophia,Brown
8875,Matthew,Brown
8876,Ava,Brown
8877,Andrew,Brown
8878,Mia,Brown
8879,Christopher,Brown
8880,Isabella,Brown
8881,John,Miller
8882,Jane,Miller
8883,Michael,Miller
8884,Emily,Miller
8885,David,Miller
8886,Sarah,Miller
8887,Robert,Miller
8888,Jessica,Miller
8889,William,Miller
8890,Emma,Miller
8891,Daniel,Miller
8892,Olivia,Miller
8893,James,Miller
8894,Sophia,Miller
8895,Matthew,Miller
8896,Ava,Miller
8897,Andrew,Miller
8898,Mia,Miller
8899,Christopher,Miller
8900,Isabella,Miller
8901,John,Davis
8902,Jane,Davis
8903,Michael,Davis
8904,Emily,Davis
8905,David,Davis
8906,Sarah,Davis
8907,Robert,Davis
8908,Jessica,Davis
8909,William,Davis
8910,Emma,Davis
8911,Daniel,Davis
8912,Olivia,Davis
8913,James,Davis
8914,Sophia,Davis
8915,Matthew,Davis
8916,Ava,Davis
8917,Andrew,Davis
8918,Mia,Davis
8919,Christopher,Davis
8920,Isabella,Davis
8921,John,Wilson
8922,Jane,Wilson
8923,Michael,Wilson
8924,Emily,Wilson
8925,David,Wilson
8926,Sarah,Wilson
8927,Robert,Wilson
8928,Jessica,Wilson
8929,William,Wilson
8930,Emma,Wilson
8931,Daniel,Wilson
8932,Olivia,Wilson
8933,James,Wilson
8934,Sophia,Wilson
8935,Matthew,Wilson
8936,Ava,Wilson
8937,Andrew,Wilson
8938,Mia,Wilson
8939,Christopher,Wilson
8940,Isabella,Wilson
8941,John,Moore
8942,Jane,Moore
8943,Michael,Moore
8944,Emily,Moore
8945,David,Moore
8946,Sarah,Moore
8947,Robert,Moore
8948,Jessica,Moore
8949,William,Moore
8950,Emma,Moore
8951,Daniel,Moore
8952,Olivia,Moore
8953,James,Moore
8954,Sophia,Moore
8955,Matthew,Moore
8956,Ava,Moore
8957,Andrew,Moore
8958,Mia,Moore
8959,Christopher,Moore
8960,Isabella,Moore
8961,John,Taylor
8962,Jane,Taylor
8963,Michael,Taylor
8964,Emily,Taylor
8965,David,Taylor
8966,Sarah,Taylor
8967,Robert,Taylor
8968,Jessica,Taylor
8969,William,Taylor
8970,Emma,Taylor
8971,Daniel,Taylor
8972,Olivia,Taylor
8973,James,Taylor
8974,Sophia,Taylor
8975,Matthew,Taylor
8976,Ava,Taylor
8977,Andrew,Taylor
8978,Mia,Taylor
8979,Christopher,Taylor
8980,Isabella,Taylor
8981,John,Anderson
8982,Jane,Anderson
8983,Michael,Anderson
8984,Emily,Anderson
8985,David,Anderson
8986,Sarah,Anderson
8987,Robert,Anderson
8988,Jessica,Anderson
8989,William,Anderson
8990,Emma,Anderson
8991,Daniel,Anderson
8992,Olivia,Anderson
8993,James,Anderson
8994,Sophia,Anderson
8995,Matthew,Anderson
8996,Ava,Anderson
8997,Andrew,Anderson
8998,Mia,Anderson
8999,Christopher,Anderson
9000,Isabella,Anderson
9001,John,Thomas
9002,Jane,Thomas
9003,Michael,Thomas
9004,Emily,Thomas
9005,David,Thomas
9006,Sarah,Thomas
9007,Robert,Thomas
9008,Jessica,Thomas
9009,William,Thomas
9010,Emma,Thomas
9011,Daniel,Thomas
9012,Olivia,Thomas
9013,James,Thomas
9014,Sophia,Thomas
9015,Matthew,Thomas
9016,Ava,Thomas
9017,Andrew,Thomas
9018,Mia,Thomas
9019,Christopher,Thomas
9020,Isabella,Thomas
9021,John,Jackson
9022,Jane,Jackson
9023,Michael,Jackson
9024,Emily,Jackson
9025,David,Jackson
9026,Sarah,Jackson
9027,Robert,Jackson
9028,Jessica,Jackson
9029,William,Jackson
9030,Emma,Jackson
9031,Daniel,Jackson
9032,Olivia,Jackson
9033,James,Jackson
9034,Sophia,Jackson
9035,Matthew,Jackson
9036,Ava,Jackson
9037,Andrew,Jackson
9038,Mia,Jackson
9039,Christopher,Jackson
9040,Isabella,Jackson
9041,John,White
9042,Jane,White
9043,Michael,White
9044,Emily,White
9045,David,White
9046,Sarah,White
9047,Robert,White
9048,Jessica,White
9049,William,White
9050,Emma,White
9051,Daniel,White
9052,Olivia,White
9053,James,White
9054,Sophia,White
9055,Matthew,White
9056,Ava,White
9057,Andrew,White
9058,Mia,White
9059,Christopher,White
9060,Isabella,White
9061,John,Harris
9062,Jane,Harris
9063,Michael,Harris
9064,Emily,Harris
9065,David,Harris
9066,Sarah,Harris
9067,Robert,Harris
9068,Jessica,Harris
9069,William,Harris
9070,Emma,Harris
9071,Daniel,Harris
9072,Olivia,Harris
9073,James,Harris
9074,Sophia,Harris
9075,Matthew,Harris
9076,Ava,Harris
9077,Andrew,Harris
9078,Mia,Harris
9079,Christopher,Harris
9080,Isabella,Harris
9081,John,Martin
9082,Jane,Martin
9083,Michael,Martin
9084,Emily,Martin
9085,David,Martin
9086,Sarah,Martin
9087,Robert,Martin
9088,Jessica,Martin
9089,William,Martin
9090,Emma,Martin
9091,Daniel,Martin
9092,Olivia,Martin
9093,James,Martin
9094,Sophia,Martin
9095,Matthew,Martin
9096,Ava,Martin
9097,Andrew,Martin
9098,Mia,Martin
9099,Christopher,Martin
9100,Isabella,Martin
9101,John,Thompson
9102,Jane,Thompson
9103,Michael,Thompson
9104,Emily,Thompson
9105,David,Thompson
9106,Sarah,Thompson
9107,Robert,Thompson
9108,Jessica,Thompson
9109,William,Thompson
9110,Emma,Thompson
9111,Daniel,Thompson
9112,Olivia,Thompson
9113,James,Thompson
9114,Sophia,Thompson
9115,Matthew,Thompson
9116,Ava,Thompson
9117,Andrew,Thompson
9118,Mia,Thompson
9119,Christopher,Thompson
9120,Isabella,Thompson
9121,John,Garcia
9122,Jane,Garcia
9123,Michael,Garcia
9124,Emily,Garcia
9125,David,Garcia
9126,Sarah,Garcia
9127,Robert,Garcia
9128,Jessica,Garcia
9129,William,Garcia
9130,Emma,Garcia
9131,Daniel,Garcia
9132,Olivia,Garcia
9133,James,Garcia
9134,Sophia,Garcia
9135,Matthew,Garcia
9136,Ava,Garcia
9137,Andrew,Garcia
9138,Mia,Garcia
9139,Christopher,Garcia
9140,Isabella,Garcia
9141,John,Martinez
9142,Jane,Martinez
9143,Michael,Martinez
9144,Emily,Martinez
9145,David,Martinez
9146,Sarah,Martinez
9147,Robert,Martinez
9148,Jessica,Martinez
9149,William,Martinez
9150,Emma,Martinez
9151,Daniel,Martinez
9152,Olivia,Martinez
9153,James,Martinez
9154,Sophia,Martinez
9155,Matthew,Martinez
9156,Ava,Martinez
9157,Andrew,Martinez
9158,Mia,Martinez
9159,Christopher,Martinez
9160,Isabella,Martinez
9161,John,Robinson
9162,Jane,Robinson
9163,Michael,Robinson
9164,Emily,Robinson
9165,David,Robinson
9166,Sarah,Robinson
9167,Robert,Robinson
9168,Jessica,Robinson
9169,William,Robinson
9170,Emma,Robinson
9171,Daniel,Robinson
9172,Olivia,Robinson
9173,James,Robinson
9174,Sophia,Robinson
9175,Matthew,Robinson
9176,Ava,Robinson
9177,Andrew,Robinson
9178,Mia,Robinson
9179,Christopher,Robinson
9180,Isabella,Robinson
9181,John,Clark
9182,Jane,Clark
9183,Michael,Clark
9184,Emily,Clark
9185,David,Clark
9186,Sarah,Clark
9187,Robert,Clark
9188,Jessica,Clark
9189,William,Clark
9190,Emma,Clark
9191,Daniel,Clark
9192,Olivia,Clark
9193,James,Clark
9194,Sophia,Clark
9195,Matthew,Clark
9196,Ava,Clark
9197,Andrew,Clark
9198,Mia,Clark
9199,Christopher,Clark
9200,Isabella,Clark
9201,John,Doe
9202,Jane,Doe
9203,Michael,Doe
9204,Emily,Doe
9205,David,Doe
9206,Sarah,Doe
9207,Robert,Doe
9208,Jessica,Doe
9209,William,Doe
9210,Emma,Doe
9211,Daniel,Doe
9212,Olivia,Doe
9213,James,Doe
9214,Sophia,Doe
9215,Matthew,Doe
9216,Ava,Doe
9217,Andrew,Doe
9218,Mia,Doe
9219,Christopher,Doe
9220,Isabella,Doe
9221,John,Smith
9222,Jane,Smith
9223,Michael,Smith
9224,Emily,Smith
9225,David,Smith
9226,Sarah,Smith
9227,Robert,Smith
9228,Jessica,Smith
9229,William,Smith
9230,Emma,Smith
9231,Daniel,Smith
9232,Olivia,Smith
9233,James,Smith
9234,Sophia,Smith
9235,Matthew,Smith
9236,Ava,Smith
9237,Andrew,Smith
9238,Mia,Smith
9239,Christopher,Smith
9240,Isabella,Smith
9241,John,Johnson
9242,Jane,Johnson
9243,Michael,Johnson
9244,Emily,Johnson
9245,David,Johnson
9246,Sarah,Johnson
9247,Robert,Johnson
9248,Jessica,Johnson
9249,William,Johnson
9250,Emma,Johnson
9251,Daniel,Johnson
9252,Olivia,Johnson
9253,James,Johnson
9254,Sophia,Johnson
9255,Matthew,Johnson
9256,Ava,Johnson
9257,Andrew,Johnson
9258,Mia,Johnson
9259,Christopher,Johnson
9260,Isabella,Johnson
9261,John,Brown
9262,Jane,Brown
9263,Michael,Brown
9264,Emily,Brown
9265,David,Brown
9266,Sarah,Brown
9267,Robert,Brown
9268,Jessica,Brown
9269,William,Brown
9270,Emma,Brown
9271,Daniel,Brown
9272,Olivia,Brown
9273,James,Brown
9274,Sophia,Brown
9275,Matthew,Brown
9276,Ava,Brown
9277,Andrew,Brown
9278,Mia,Brown
9279,Christopher,Brown
9280,Isabella,Brown
9281,John,Miller
9282,Jane,Miller
9283,Michael,Miller
9284,Emily,Miller
9285,David,Miller
9286,Sarah,Miller
9287,Robert,Miller
9288,Jessica,Miller
9289,William,Miller
9290,Emma,Miller
9291,Daniel,Miller
9292,Olivia,Miller
9293,James,Miller
9294,Sophia,Miller
9295,Matthew,Miller
9296,Ava,Miller
9297,Andrew,Miller
9298,Mia,Miller
9299,Christopher,Miller
9300,Isabella,Miller
9301,John,Davis
9302,Jane,Davis
9303,Michael,Davis
9304,Emily,Davis
9305,David,Davis
9306,Sarah,Davis
9307,Robert,Davis
9308,Jessica,Davis
9309,William,Davis
9310,Emma,Davis
9311,Daniel,Davis
9312,Olivia,Davis
9313,James,Davis
9314,Sophia,Davis
9315,Matthew,Davis
9316,Ava,Davis
9317,Andrew,Davis
9318,Mia,Davis
9319,Christopher,Davis
9320,Isabella,Davis
9321,John,Wilson
9322,Jane,Wilson
9323,Michael,Wilson
9324,Emily,Wilson
9325,David,Wilson
9326,Sarah,Wilson
9327,Robert,Wilson
9328,Jessica,Wilson
9329,William,Wilson
9330,Emma,Wilson
9331,Daniel,Wilson
9332,Olivia,Wilson
9333,James,Wilson
9334,Sophia,Wilson
9335,Matthew,Wilson
9336,Ava,Wilson
9337,Andrew,Wilson
9338,Mia,Wilson
9339,Christopher,Wilson
9340,Isabella,Wilson
9341,John,Moore
9342,Jane,Moore
9343,Michael,Moore
9344,Emily,Moore
9345,David,Moore
9346,Sarah,Moore
9347,Robert,Moore
9348,Jessica,Moore
9349,William,Moore
9350,Emma,Moore
9351,Daniel,Moore
9352,Olivia,Moore
9353,James,Moore
9354,Sophia,Moore
9355,Matthew,Moore
9356,Ava,Moore
9357,Andrew,Moore
9358,Mia,Moore
9359,Christopher,Moore
9360,Isabella,Moore
9361,John,Taylor
9362,Jane,Taylor
9363,Michael,Taylor
9364,Emily,Taylor
9365,David,Taylor
9366,Sarah,Taylor
9367,Robert,Taylor
9368,Jessica,Taylor
9369,William,Taylor
9370,Emma,Taylor
9371,Daniel,Taylor
9372,Olivia,Taylor
9373,James,Taylor
9374,Sophia,Taylor
9375,Matthew,Taylor
9376,Ava,Taylor
9377,Andrew,Taylor
9378,Mia,Taylor
9379,Christopher,Taylor
9380,Isabella,Taylor
9381,John,Anderson
9382,Jane,Anderson
9383,Michael,Anderson
9384,Emily,Anderson
9385,David,Anderson
9386,Sarah,Anderson
9387,Robert,Anderson
9388,Jessica,Anderson
9389,William,Anderson
9390,Emma,Anderson
9391,Daniel,Anderson
9392,Olivia,Anderson
9393,James,Anderson
9394,Sophia,Anderson
9395,Matthew,Anderson
9396,Ava,Anderson
9397,Andrew,Anderson
9398,Mia,Anderson
9399,Christopher,Anderson
9400,Isabella,Anderson
9401,John,Thomas
9402,Jane,Thomas
9403,Michael,Thomas
9404,Emily,Thomas
9405,David,Thomas
9406,Sarah,Thomas
9407,Robert,Thomas
9408,Jessica,Thomas
9409,William,Thomas
9410,Emma,Thomas
9411,Daniel,Thomas
9412,Olivia,Thomas
9413,James,Thomas
9414,Sophia,Thomas
9415,Matthew,Thomas
9416,Ava,Thomas
9417,Andrew,Thomas
9418,Mia,Thomas
9419,Christopher,Thomas
9420,Isabella,Thomas
9421,John,Jackson
9422,Jane,Jackson
9423,Michael,Jackson
9424,Emily,Jackson
9425,David,Jackson
9426,Sarah,Jackson
9427,Robert,Jackson
9428,Jessica,Jackson
9429,William,Jackson
9430,Emma,Jackson
9431,Daniel,Jackson
9432,Olivia,Jackson
9433,James,Jackson
9434,Sophia,Jackson
9435,Matthew,Jackson
9436,Ava,Jackson
9437,Andrew,Jackson
9438,Mia,Jackson
9439,Christopher,Jackson
9440,Isabella,Jackson
9441,John,White
9442,Jane,White
9443,Michael,White
9444,Emily,White
9445,David,White
9446,Sarah,White
9447,Robert,White
9448,Jessica,White
9449,William,White
9450,Emma,White
9451,Daniel,White
9452,Olivia,White
9453,James,White
9454,Sophia,White
9455,Matthew,White
9456,Ava,White
9457,Andrew,White
9458,Mia,White
9459,Christopher,White
9460,Isabella,White
9461,John,Harris
9462,Jane,Harris
9463,Michael,Harris
9464,Emily,Harris
9465,David,Harris
9466,Sarah,Harris
9467,Robert,Harris
9468,Jessica,Harris
9469,William,Harris
9470,Emma,Harris
9471,Daniel,Harris
9472,Olivia,Harris
9473,James,Harris
9474,Sophia,Harris
9475,Matthew,Harris
9476,Ava,Harris
9477,Andrew,Harris
9478,Mia,Harris
9479,Christopher,Harris
9480,Isabella,Harris
9481,John,Martin
9482,Jane,Martin
9483,Michael,Martin
9484,Emily,Martin
9485,David,Martin
9486,Sarah,Martin
9487,Robert,Martin
9488,Jessica,Martin
9489,William,Martin
9490,Emma,Martin
9491,Daniel,Martin
9492,Olivia,Martin
9493,James,Martin
9494,Sophia,Martin
9495,Matthew,Martin
9496,Ava,Martin
9497,Andrew,Martin
9498,Mia,Martin
9499,Christopher,Martin
9500,Isabella,Martin
9501,John,Thompson
9502,Jane,Thompson
9503,Michael,Thompson
9504,Emily,Thompson
9505,David,Thompson
9506,Sarah,Thompson
9507,Robert,Thompson
9508,Jessica,Thompson
9509,William,Thompson
9510,Emma,Thompson
9511,Daniel,Thompson
9512,Olivia,Thompson
9513,James,Thompson
9514,Sophia,Thompson
9515,Matthew,Thompson
9516,Ava,Thompson
9517,Andrew,Thompson
9518,Mia,Thompson
9519,Christopher,Thompson
9520,Isabella,Thompson
9521,John,Garcia
9522,Jane,Garcia
9523,Michael,Garcia
9524,Emily,Garcia
9525,David,Garcia
9526,Sarah,Garcia
9527,Robert,Garcia
9528,Jessica,Garcia
9529,William,Garcia
9530,Emma,Garcia
9531,Daniel,Garcia
9532,Olivia,Garcia
9533,James,Garcia
9534,Sophia,Garcia
9535,Matthew,Garcia
9536,Ava,Garcia
9537,Andrew,Garcia
9538,Mia,Garcia
9539,Christopher,Garcia
9540,Isabella,Garcia
9541,John,Martinez
9542,Jane,Martinez
9543,Michael,Martinez
9544,Emily,Martinez
9545,David,Martinez
9546,Sarah,Martinez
9547,Robert,Martinez
9548,Jessica,Martinez
9549,William,Martinez
9550,Emma,Martinez
9551,Daniel,Martinez
9552,Olivia,Martinez
9553,James,Martinez
9554,Sophia,Martinez
9555,Matthew,Martinez
9556,Ava,Martinez
9557,Andrew,Martinez
9558,Mia,Martinez
9559,Christopher,Martinez
9560,Isabella,Martinez
9561,John,Robinson
9562,Jane,Robinson
9563,Michael,Robinson
9564,Emily,Robinson
9565,David,Robinson
9566,Sarah,Robinson
9567,Robert,Robinson
9568,Jessica,Robinson
9569,William,Robinson
9570,Emma,Robinson
9571,Daniel,Robinson
9572,Olivia,Robinson
9573,James,Robinson
9574,Sophia,Robinson
9575,Matthew,Robinson
9576,Ava,Robinson
9577,Andrew,Robinson
9578,Mia,Robinson
9579,Christopher,Robinson
9580,Isabella,Robinson
9581,John,Clark
9582,Jane,Clark
9583,Michael,Clark
9584,Emily,Clark
9585,David,Clark
9586,Sarah,Clark
9587,Robert,Clark
9588,Jessica,Clark
9589,William,Clark
9590,Emma,Clark
9591,Daniel,Clark
9592,Olivia,Clark
9593,James,Clark
9594,Sophia,Clark
9595,Matthew,Clark
9596,Ava,Clark
9597,Andrew,Clark
9598,Mia,Clark
9599,Christopher,Clark
9600,Isabella,Clark
9601,John,Doe
9602,Jane,Doe
9603,Michael,Doe
9604,Emily,Doe
9605,David,Doe
9606,Sarah,Doe
9607,Robert,Doe
9608,Jessica,Doe
9609,William,Doe
9610,Emma,Doe
9611,Daniel,Doe
9612,Olivia,Doe
9613,James,Doe
9614,Sophia,Doe
9615,Matthew,Doe
9616,Ava,Doe
9617,Andrew,Doe
9618,Mia,Doe
9619,Christopher,Doe
9620,Isabella,Doe
9621,John,Smith
9622,Jane,Smith
9623,Michael,Smith
9624,Emily,Smith
9625,David,Smith
9626,Sarah,Smith
9627,Robert,Smith
9628,Jessica,Smith
9629,William,Smith
9630,Emma,Smith
9631,Daniel,Smith
9632,Olivia,Smith
9633,James,Smith
9634,Sophia,Smith
9635,Matthew,Smith
9636,Ava,Smith
9637,Andrew,Smith
9638,Mia,Smith
9639,Christopher,Smith
9640,Isabella,Smith
9641,John,Johnson
9642,Jane,Johnson
9643,Michael,Johnson
9644,Emily,Johnson
9645,David,Johnson
9646,Sarah,Johnson
9647,Robert,Johnson
9648,Jessica,Johnson
9649,William,Johnson
9650,Emma,Johnson
9651,Daniel,Johnson
9652,Olivia,Johnson
9653,James,Johnson
9654,Sophia,Johnson
9655,Matthew,Johnson
9656,Ava,Johnson
9657,Andrew,Johnson
9658,Mia,Johnson
9659,Christopher,Johnson
9660,Isabella,Johnson
9661,John,Brown
9662,Jane,Brown
9663,Michael,Brown
9664,Emily,Brown
9665,David,Brown
9666,Sarah,Brown
9667,Robert,Brown
9668,Jessica,Brown
9669,William,Brown
9670,Emma,Brown
9671,Daniel,Brown
9672,Olivia,Brown
9673,James,Brown
9674,Sophia,Brown
9675,Matthew,Brown
9676,Ava,Brown
9677,Andrew,Brown
9678,Mia,Brown
9679,Christopher,Brown
9680,Isabella,Brown
9681,John,Miller
9682,Jane,Miller
9683,Michael,Miller
9684,Emily,Miller
9685,David,Miller
9686,Sarah,Miller
9687,Robert,Miller
9688,Jessica,Miller
9689,William,Miller
9690,Emma,Miller
9691,Daniel,Miller
9692,Olivia,Miller
9693,James,Miller
9694,Sophia,Miller
9695,Matthew,Miller
9696,Ava,Miller
9697,Andrew,Miller
9698,Mia,Miller
9699,Christopher,Miller
9700,Isabella,Miller
9701,John,Davis
9702,Jane,Davis
9703,Michael,Davis
9704,Emily,Davis
9705,David,Davis
9706,Sarah,Davis
9707,Robert,Davis
9708,Jessica,Davis
9709,William,Davis
9710,Emma,Davis
9711,Daniel,Davis
9712,Olivia,Davis
9713,James,Davis
9714,Sophia,Davis
9715,Matthew,Davis
9716,Ava,Davis
9717,Andrew,Davis
9718,Mia,Davis
9719,Christopher,Davis
9720,Isabella,Davis
9721,John,Wilson
9722,Jane,Wilson
9723,Michael,Wilson
9724,Emily,Wilson
9725,David,Wilson
9726,Sarah,Wilson
9727,Robert,Wilson
9728,Jessica,Wilson
9729,William,Wilson
9730,Emma,Wilson
9731,Daniel,Wilson
9732,Olivia,Wilson
9733,James,Wilson
9734,Sophia,Wilson
9735,Matthew,Wilson
9736,Ava,Wilson
9737,Andrew,Wilson
9738,Mia,Wilson
9739,Christopher,Wilson
9740,Isabella,Wilson
9741,John,Moore
9742,Jane,Moore
9743,Michael,Moore
9744,Emily,Moore
9745,David,Moore
9746,Sarah,Moore
9747,Robert,Moore
9748,Jessica,Moore
9749,William,Moore
9750,Emma,Moore
9751,Daniel,Moore
9752,Olivia,Moore
9753,James,Moore
9754,Sophia,Moore
9755,Matthew,Moore
9756,Ava,Moore
9757,Andrew,Moore
9758,Mia,Moore
9759,Christopher,Moore
9760,Isabella,Moore
9761,John,Taylor
9762,Jane,Taylor
9763,Michael,Taylor
9764,Emily,Taylor
9765,David,Taylor
9766,Sarah,Taylor
9767,Robert,Taylor
9768,Jessica,Taylor
9769,William,Taylor
9770,Emma,Taylor
9771,Daniel,Taylor
9772,Olivia,Taylor
9773,James,Taylor
9774,Sophia,Taylor
9775,Matthew,Taylor
9776,Ava,Taylor
9777,Andrew,Taylor
9778,Mia,Taylor
9779,Christopher,Taylor
9780,Isabella,Taylor
9781,John,Anderson
9782,Jane,Anderson
9783,Michael,Anderson
9784,Emily,Anderson
9785,David,Anderson
9786,Sarah,Anderson
9787,Robert,Anderson
9788,Jessica,Anderson
9789,William,Anderson
9790,Emma,Anderson
9791,Daniel,Anderson
9792,Olivia,Anderson
9793,James,Anderson
9794,Sophia,Anderson
9795,Matthew,Anderson
9796,Ava,Anderson
9797,Andrew,Anderson
9798,Mia,Anderson
9799,Christopher,Anderson
9800,Isabella,Anderson
9801,John,Thomas
9802,Jane,Thomas
9803,Michael,Thomas
9804,Emily,Thomas
9805,David,Thomas
9806,Sarah,Thomas
9807,Robert,Thomas
9808,Jessica,Thomas
9809,William,Thomas
9810,Emma,Thomas
9811,Daniel,Thomas
9812,Olivia,Thomas
9813,James,Thomas
9814,Sophia,Thomas
9815,Matthew,Thomas
9816,Ava,Thomas
9817,Andrew,Thomas
9818,Mia,Thomas
9819,Christopher,Thomas
9820,Isabella,Thomas
9821,John,Jackson
9822,Jane,Jackson
9823,Michael,Jackson
9824,Emily,Jackson
9825,David,Jackson
9826,Sarah,Jackson
9827,Robert,Jackson
9828,Jessica,Jackson
9829,William,Jackson
9830,Emma,Jackson
9831,Daniel,Jackson
9832,Olivia,Jackson
9833,James,Jackson
9834,Sophia,Jackson
9835,Matthew,Jackson
9836,Ava,Jackson
9837,Andrew,Jackson
9838,Mia,Jackson
9839,Christopher,Jackson
9840,Isabella,Jackson
9841,John,White
9842,Jane,White
9843,Michael,White
9844,Emily,White
9845,David,White
9846,Sarah,White
9847,Robert,White
9848,Jessica,White
9849,William,White
9850,Emma,White
9851,Daniel,White
9852,Olivia,White
9853,James,White
9854,Sophia,White
9855,Matthew,White
9856,Ava,White
9857,Andrew,White
9858,Mia,White
9859,Christopher,White
9860,Isabella,White
9861,John,Harris
9862,Jane,Harris
9863,Michael,Harris
9864,Emily,Harris
9865,David,Harris
9866,Sarah,Harris
9867,Robert,Harris
9868,Jessica,Harris
9869,William,Harris
9870,Emma,Harris
9871,Daniel,Harris
9872,Olivia,Harris
9873,James,Harris
9874,Sophia,Harris
9875,Matthew,Harris
9876,Ava,Harris
9877,Andrew,Harris
9878,Mia,Harris
9879,Christopher,Harris
9880,Isabella,Harris
9881,John,Martin
9882,Jane,Martin
9883,Michael,Martin
9884,Emily,Martin
9885,David,Martin
9886,Sarah,Martin
9887,Robert,Martin
9888,Jessica,Martin
9889,William,Martin
9890,Emma,Martin
9891,Daniel,Martin
9892,Olivia,Martin
9893,James,Martin
9894,Sophia,Martin
9895,Matthew,Martin
9896,Ava,Martin
9897,Andrew,Martin
9898,Mia,Martin
9899,Christopher,Martin
9900,Isabella,Martin
9901,John,Thompson
9902,Jane,Thompson
9903,Michael,Thompson
9904,Emily,Thompson
9905,David,Thompson
9906,Sarah,Thompson
9907,Robert,Thompson
9908,Jessica,Thompson
9909,William,Thompson
9910,Emma,Thompson
9911,Daniel,Thompson
9912,Olivia,Thompson
9913,James,Thompson
9914,Sophia,Thompson
9915,Matthew,Thompson
9916,Ava,Thompson
9917,Andrew,Thompson
9918,Mia,Thompson
9919,Christopher,Thompson
9920,Isabella,Thompson
9921,John,Garcia
9922,Jane,Garcia
9923,Michael,Garcia
9924,Emily,Garcia
9925,David,Garcia
9926,Sarah,Garcia
9927,Robert,Garcia
9928,Jessica,Garcia
9929,William,Garcia
9930,Emma,Garcia
9931,Daniel,Garcia
9932,Olivia,Garcia
9933,James,Garcia
9934,Sophia,Garcia
9935,Matthew,Garcia
9936,Ava,Garcia
9937,Andrew,Garcia
9938,Mia,Garcia
9939,Christopher,Garcia
9940,Isabella,Garcia
9941,John,Martinez
9942,Jane,Martinez
9943,Michael,Martinez
9944,Emily,Martinez
9945,David,Martinez
9946,Sarah,Martinez
9947,Robert,Martinez
9948,Jessica,Martinez
9949,William,Martinez
9950,Emma,Martinez
9951,Daniel,Martinez
9952,Olivia,Martinez
9953,James,Martinez
9954,Sophia,Martinez
9955,Matthew,Martinez
9956,Ava,Martinez
9957,Andrew,Martinez
9958,Mia,Martinez
9959,Christopher,Martinez
9960,Isabella,Martinez
9961,John,Robinson
9962,Jane,Robinson
9963,Michael,Robinson
9964,Emily,Robinson
9965,David,Robinson
9966,Sarah,Robinson
9967,Robert,Robinson
9968,Jessica,Robinson
9969,William,Robinson
9970,Emma,Robinson
9971,Daniel,Robinson
9972,Olivia,Robinson
9973,James,Robinson
9974,Sophia,Robinson
9975,Matthew,Robinson
9976,Ava,Robinson
9977,Andrew,Robinson
9978,Mia,Robinson
9979,Christopher,Robinson
9980,Isabella,Robinson
9981,John,Clark
9982,Jane,Clark
9983,Michael,Clark
9984,Emily,Clark
9985,David,Clark
9986,Sarah,Clark
9987,Robert,Clark
9988,Jessica,Clark
9989,William,Clark
9990,Emma,Clark
9991,Daniel,Clark
9992,Olivia,Clark
9993,James,Clark
9994,Sophia,Clark
9995,Matthew,Clark
9996,Ava,Clark
9997,Andrew,Clark
9998,Mia,Clark
9999,Christopher,Clark
10000,Isabella,Clark
